[19:45:14] E5 Medium_4Google seed=0
[19:45:55] E5 Medium_4Google seed=1
[19:46:30] E5 Medium_4Google seed=2
[19:47:11] E5 High_4Google_3Linksys seed=0
[19:47:49] E5 High_4Google_3Linksys seed=1
[19:48:29] E5 High_4Google_3Linksys seed=2
[19:48:30] E4 office split=0 G=7
[19:48:30] E4 office split=1 G=7
[19:48:31] E4 office split=2 G=7
[19:48:32] E4 office split=3 G=7
[19:48:32] E4 office split=4 G=7
[19:48:33] E4 office split=5 G=7
[19:48:33] E4 office split=6 G=7
[19:48:34] E4 office split=7 G=7
[19:48:35] E4 office split=8 G=7
[19:48:35] E4 office split=9 G=7
[19:48:36] E4 office split=10 G=7
[19:48:36] E4 office split=11 G=7
[19:48:37] E4 office split=12 G=7
[19:48:38] E4 office split=13 G=7
[19:48:38] E4 office split=14 G=7
[19:48:39] E4 office split=15 G=7
[19:48:39] E4 office split=16 G=7
[19:48:40] E4 office split=17 G=7
[19:48:41] E4 office split=18 G=7
[19:48:41] E4 office split=19 G=7
[19:48:42] E4 apartment split=0 G=21
[19:48:43] E4 apartment split=1 G=21
[19:48:44] E4 apartment split=2 G=21
[19:48:45] E4 apartment split=3 G=21
[19:48:46] E4 apartment split=4 G=21
[19:48:47] E4 apartment split=5 G=21
[19:48:48] E4 apartment split=6 G=21
[19:48:49] E4 apartment split=7 G=21
[19:48:49] E4 apartment split=8 G=21
[19:48:50] E4 apartment split=9 G=21
[19:48:51] E4 apartment split=10 G=21
[19:48:52] E4 apartment split=11 G=21
[19:48:53] E4 apartment split=12 G=21
[19:48:54] E4 apartment split=13 G=21
[19:48:55] E4 apartment split=14 G=21
[19:48:56] E4 apartment split=15 G=21
[19:48:57] E4 apartment split=16 G=21
[19:48:58] E4 apartment split=17 G=21
[19:48:59] E4 apartment split=18 G=21
[19:49:00] E4 apartment split=19 G=21
[19:49:06] E4 building split=0 G=121
[19:49:11] E4 building split=1 G=121
[19:49:16] E4 building split=2 G=121
[19:49:22] E4 building split=3 G=121
[19:49:27] E4 building split=4 G=121
[19:49:32] E4 building split=5 G=121
[19:49:38] E4 building split=6 G=121
[19:49:43] E4 building split=7 G=121
[19:49:49] E4 building split=8 G=121
[19:49:54] E4 building split=9 G=121
[19:49:57] E1 office frac=1.0 seed=0
[19:50:00] E1 office frac=1.0 seed=1
[19:50:03] E1 office frac=1.0 seed=2
[19:50:05] E1 office frac=0.75 seed=0
[19:50:08] E1 office frac=0.75 seed=1
[19:50:11] E1 office frac=0.75 seed=2
[19:50:13] E1 office frac=0.5 seed=0
[19:50:16] E1 office frac=0.5 seed=1
[19:50:19] E1 office frac=0.5 seed=2
[19:50:22] E1 office frac=0.25 seed=0
[19:50:24] E1 office frac=0.25 seed=1
[19:50:26] E1 office frac=0.25 seed=2
[19:50:31] E1 apartment frac=1.0 seed=0
[19:50:35] E1 apartment frac=1.0 seed=1
[19:50:40] E1 apartment frac=1.0 seed=2
[19:50:44] E1 apartment frac=0.75 seed=0
[19:50:48] E1 apartment frac=0.75 seed=1
[19:50:51] E1 apartment frac=0.75 seed=2
[19:50:55] E1 apartment frac=0.5 seed=0
[19:50:58] E1 apartment frac=0.5 seed=1
[19:51:01] E1 apartment frac=0.5 seed=2
[19:51:05] E1 apartment frac=0.25 seed=0
[19:51:10] E1 apartment frac=0.25 seed=1
[19:51:13] E1 apartment frac=0.25 seed=2
[19:51:47] E1 building frac=1.0 seed=0
[19:52:20] E1 building frac=1.0 seed=1
[19:52:51] E1 building frac=1.0 seed=2
[19:53:16] E1 building frac=0.75 seed=0
[19:53:39] E1 building frac=0.75 seed=1
[19:54:03] E1 building frac=0.75 seed=2
[19:54:18] E1 building frac=0.5 seed=0
[19:54:34] E1 building frac=0.5 seed=1
[19:54:48] E1 building frac=0.5 seed=2
[19:54:56] E1 building frac=0.25 seed=0
[19:55:03] E1 building frac=0.25 seed=1
[19:55:10] E1 building frac=0.25 seed=2
[19:55:13] E3 office s0 RF-F1.0 (bagging) test=0.3765 cv=0.6047 (3s)
[19:55:15] E3 office s0 RF-F0.7 test=0.3376 cv=0.4576 (3s)
[19:55:18] E3 office s0 RF-p/3 (Breiman) test=0.3559 cv=0.4263 (3s)
[19:55:20] E3 office s0 ExtraTrees-F1.0 test=0.3495 cv=0.3830 (2s)
[19:55:30] E3 office s0 RotationForest test=0.3825 cv=0.3928 (10s)
[19:55:30] E3 office s0 WKNN-k5 test=0.4011 cv=0.4647 (0s)
[19:55:34] E3 office s1 RF-F1.0 (bagging) test=0.3671 cv=0.5990 (4s)
[19:55:40] E3 office s1 RF-F0.7 test=0.3386 cv=0.4676 (6s)
[19:55:46] E3 office s1 RF-p/3 (Breiman) test=0.3498 cv=0.4214 (6s)
[19:55:49] E3 office s1 ExtraTrees-F1.0 test=0.3392 cv=0.3877 (4s)
[19:55:57] E3 office s1 RotationForest test=0.3822 cv=0.3928 (8s)
[19:55:58] E3 office s1 WKNN-k5 test=0.4011 cv=0.4647 (0s)
[19:56:03] E3 office s2 RF-F1.0 (bagging) test=0.3749 cv=0.6010 (6s)
[19:56:08] E3 office s2 RF-F0.7 test=0.3417 cv=0.4657 (5s)
[19:56:12] E3 office s2 RF-p/3 (Breiman) test=0.3483 cv=0.4243 (3s)
[19:56:14] E3 office s2 ExtraTrees-F1.0 test=0.3489 cv=0.3860 (2s)
[19:56:17] E3 office s2 RotationForest test=0.3918 cv=0.3973 (3s)
[19:56:17] E3 office s2 WKNN-k5 test=0.4011 cv=0.4647 (0s)
[19:56:22] E3 apartment s0 RF-F1.0 (bagging) test=0.5968 cv=0.7036 (5s)
[19:56:26] E3 apartment s0 RF-F0.7 test=0.5608 cv=0.6202 (4s)
[19:56:30] E3 apartment s0 RF-p/3 (Breiman) test=0.6312 cv=0.6197 (4s)
[19:56:32] E3 apartment s0 ExtraTrees-F1.0 test=0.6288 cv=0.6094 (3s)
[19:56:42] E3 apartment s0 RotationForest test=0.7106 cv=0.6215 (10s)
[19:56:42] E3 apartment s0 WKNN-k5 test=0.8533 cv=0.8418 (0s)
[19:56:47] E3 apartment s1 RF-F1.0 (bagging) test=0.5988 cv=0.7057 (5s)
[19:56:52] E3 apartment s1 RF-F0.7 test=0.5667 cv=0.6179 (4s)
[19:56:55] E3 apartment s1 RF-p/3 (Breiman) test=0.6470 cv=0.6258 (4s)
[19:56:58] E3 apartment s1 ExtraTrees-F1.0 test=0.6064 cv=0.6180 (3s)
[19:57:08] E3 apartment s1 RotationForest test=0.7012 cv=0.6185 (10s)
[19:57:08] E3 apartment s1 WKNN-k5 test=0.8533 cv=0.8418 (0s)
[19:57:13] E3 apartment s2 RF-F1.0 (bagging) test=0.5973 cv=0.7046 (5s)
[19:57:17] E3 apartment s2 RF-F0.7 test=0.5657 cv=0.6119 (5s)
[19:57:21] E3 apartment s2 RF-p/3 (Breiman) test=0.6423 cv=0.6176 (4s)
[19:57:24] E3 apartment s2 ExtraTrees-F1.0 test=0.6137 cv=0.6060 (3s)
[19:57:32] E3 apartment s2 RotationForest test=0.7006 cv=0.6179 (9s)
[19:57:33] E3 apartment s2 WKNN-k5 test=0.8533 cv=0.8418 (0s)
[19:58:21] E3 building s0 RF-F1.0 (bagging) test=0.6047 cv=0.8869 (48s)
[19:59:33] E3 building s0 RF-F0.7 test=0.5258 cv=0.7074 (72s)
[20:00:12] E3 building s0 RF-p/3 (Breiman) test=0.5145 cv=0.6493 (39s)
[20:00:55] E3 building s0 ExtraTrees-F1.0 test=0.5427 cv=0.6984 (43s)
[20:06:17] E3 building s0 RotationForest test=0.5205 cv=0.6520 (322s)
[20:06:26] E3 building s0 WKNN-k5 test=0.9414 cv=1.1392 (9s)
[20:06:37] E2 office ratio=0.2 oob=0.0472 test=0.4114 sample_cv=0.0492 group_cv=0.4183
[20:06:46] E2 office ratio=0.35 oob=0.0414 test=0.3559 sample_cv=0.0438 group_cv=0.4263
[20:06:57] E2 office ratio=0.5 oob=0.0466 test=0.3357 sample_cv=0.0474 group_cv=0.4440
[20:07:06] E2 office ratio=0.7 oob=0.0523 test=0.3376 sample_cv=0.0541 group_cv=0.4576
[20:07:17] E2 office ratio=0.85 oob=0.0605 test=0.3448 sample_cv=0.0620 group_cv=0.5189
[20:07:26] E2 office ratio=1.0 oob=0.0719 test=0.3765 sample_cv=0.0728 group_cv=0.6047
[20:07:38] E2 apartment ratio=0.2 oob=0.1036 test=0.7147 sample_cv=0.1132 group_cv=0.6686
[20:07:49] E2 apartment ratio=0.35 oob=0.0895 test=0.6312 sample_cv=0.0968 group_cv=0.6197
[20:08:02] E2 apartment ratio=0.5 oob=0.0871 test=0.5717 sample_cv=0.0945 group_cv=0.6117
[20:08:15] E2 apartment ratio=0.7 oob=0.0888 test=0.5608 sample_cv=0.0973 group_cv=0.6202
[20:08:31] E2 apartment ratio=0.85 oob=0.0916 test=0.5631 sample_cv=0.1002 group_cv=0.6314
[20:08:48] E2 apartment ratio=1.0 oob=0.1057 test=0.5968 sample_cv=0.1138 group_cv=0.7036
[20:09:41] E2 building ratio=0.2 oob=0.1961 test=0.5393 sample_cv=0.2018 group_cv=0.6633
[20:10:22] E2 building ratio=0.35 oob=0.1931 test=0.5101 sample_cv=0.1997 group_cv=0.6492
[20:11:04] E2 building ratio=0.5 oob=0.1985 test=0.5051 sample_cv=0.2062 group_cv=0.6704
[20:12:16] E2 building ratio=0.7 oob=0.2074 test=0.5258 sample_cv=0.2197 group_cv=0.7074
[20:13:27] E2 building ratio=0.85 oob=0.2204 test=0.5371 sample_cv=0.2389 group_cv=0.7706
[20:18:17] E2 building ratio=1.0 oob=0.2508 test=0.6047 sample_cv=0.2696 group_cv=0.8869
[20:18:18] E6 office r=1.0 n=300 leaf=1 depth=None size=2.9MB test=0.3765
[20:18:19] E6 office r=1.0 n=300 leaf=1 depth=16 size=2.9MB test=0.3765
[20:18:20] E6 office r=1.0 n=300 leaf=5 depth=None size=2.7MB test=0.3840
[20:18:21] E6 office r=1.0 n=300 leaf=5 depth=16 size=2.7MB test=0.3840
[20:18:22] E6 office r=1.0 n=300 leaf=20 depth=None size=2.4MB test=0.3673
[20:18:23] E6 office r=1.0 n=300 leaf=20 depth=16 size=2.4MB test=0.3673
[20:18:23] E6 office r=1.0 n=100 leaf=1 depth=None size=1.0MB test=0.3763
[20:18:23] E6 office r=1.0 n=100 leaf=1 depth=16 size=1.0MB test=0.3763
[20:18:24] E6 office r=1.0 n=100 leaf=5 depth=None size=0.9MB test=0.3841
[20:18:24] E6 office r=1.0 n=100 leaf=5 depth=16 size=0.9MB test=0.3841
[20:18:24] E6 office r=1.0 n=100 leaf=20 depth=None size=0.8MB test=0.3679
[20:18:25] E6 office r=1.0 n=100 leaf=20 depth=16 size=0.8MB test=0.3679
[20:18:25] E6 office r=1.0 n=50 leaf=1 depth=None size=0.5MB test=0.3718
[20:18:25] E6 office r=1.0 n=50 leaf=1 depth=16 size=0.5MB test=0.3718
[20:18:25] E6 office r=1.0 n=50 leaf=5 depth=None size=0.4MB test=0.3790
[20:18:26] E6 office r=1.0 n=50 leaf=5 depth=16 size=0.4MB test=0.3790
[20:18:26] E6 office r=1.0 n=50 leaf=20 depth=None size=0.4MB test=0.3623
[20:18:26] E6 office r=1.0 n=50 leaf=20 depth=16 size=0.4MB test=0.3623
[20:18:27] E6 office r=0.7 n=300 leaf=1 depth=None size=3.4MB test=0.3376
[20:18:28] E6 office r=0.7 n=300 leaf=1 depth=16 size=3.4MB test=0.3376
[20:18:29] E6 office r=0.7 n=300 leaf=5 depth=None size=3.1MB test=0.3420
[20:18:30] E6 office r=0.7 n=300 leaf=5 depth=16 size=3.1MB test=0.3420
[20:18:31] E6 office r=0.7 n=300 leaf=20 depth=None size=2.6MB test=0.3339
[20:18:32] E6 office r=0.7 n=300 leaf=20 depth=16 size=2.6MB test=0.3339
[20:18:33] E6 office r=0.7 n=100 leaf=1 depth=None size=1.1MB test=0.3383
[20:18:33] E6 office r=0.7 n=100 leaf=1 depth=16 size=1.1MB test=0.3383
[20:18:33] E6 office r=0.7 n=100 leaf=5 depth=None size=1.0MB test=0.3450
[20:18:33] E6 office r=0.7 n=100 leaf=5 depth=16 size=1.0MB test=0.3450
[20:18:34] E6 office r=0.7 n=100 leaf=20 depth=None size=0.9MB test=0.3327
[20:18:34] E6 office r=0.7 n=100 leaf=20 depth=16 size=0.9MB test=0.3327
[20:18:34] E6 office r=0.7 n=50 leaf=1 depth=None size=0.6MB test=0.3424
[20:18:35] E6 office r=0.7 n=50 leaf=1 depth=16 size=0.6MB test=0.3424
[20:18:35] E6 office r=0.7 n=50 leaf=5 depth=None size=0.5MB test=0.3515
[20:18:35] E6 office r=0.7 n=50 leaf=5 depth=16 size=0.5MB test=0.3515
[20:18:35] E6 office r=0.7 n=50 leaf=20 depth=None size=0.4MB test=0.3370
[20:18:35] E6 office r=0.7 n=50 leaf=20 depth=16 size=0.4MB test=0.3370
[20:18:36] E6 office r=0.5 n=300 leaf=1 depth=None size=3.9MB test=0.3357
[20:18:37] E6 office r=0.5 n=300 leaf=1 depth=16 size=3.9MB test=0.3357
[20:18:38] E6 office r=0.5 n=300 leaf=5 depth=None size=3.4MB test=0.3461
[20:18:39] E6 office r=0.5 n=300 leaf=5 depth=16 size=3.4MB test=0.3461
C:\Users\Mo7AmjMiro\AppData\Roaming\Python\Python314\site-packages\sklearn\utils\parallel.py:144: UserWarning: `sklearn.utils.parallel.delayed` should be used with `sklearn.utils.parallel.Parallel` to make it possible to propagate the scikit-learn configuration of the current thread to the joblib workers.
  warnings.warn(
C:\Users\Mo7AmjMiro\AppData\Roaming\Python\Python314\site-packages\sklearn\utils\parallel.py:144: UserWarning: `sklearn.utils.parallel.delayed` should be used with `sklearn.utils.parallel.Parallel` to make it possible to propagate the scikit-learn configuration of the current thread to the joblib workers.
  warnings.warn(
C:\Users\Mo7AmjMiro\AppData\Roaming\Python\Python314\site-packages\sklearn\utils\parallel.py:144: UserWarning: `sklearn.utils.parallel.delayed` should be used with `sklearn.utils.parallel.Parallel` to make it possible to propagate the scikit-learn configuration of the current thread to the joblib workers.
  warnings.warn(
C:\Users\Mo7AmjMiro\AppData\Roaming\Python\Python314\site-packages\sklearn\utils\parallel.py:144: UserWarning: `sklearn.utils.parallel.delayed` should be used with `sklearn.utils.parallel.Parallel` to make it possible to propagate the scikit-learn configuration of the current thread to the joblib workers.
  warnings.warn(
C:\Users\Mo7AmjMiro\AppData\Roaming\Python\Python314\site-packages\sklearn\utils\parallel.py:144: UserWarning: `sklearn.utils.parallel.delayed` should be used with `sklearn.utils.parallel.Parallel` to make it possible to propagate the scikit-learn configuration of the current thread to the joblib workers.
  warnings.warn(
C:\Users\Mo7AmjMiro\AppData\Roaming\Python\Python314\site-packages\sklearn\utils\parallel.py:144: UserWarning: `sklearn.utils.parallel.delayed` should be used with `sklearn.utils.parallel.Parallel` to make it possible to propagate the scikit-learn configuration of the current thread to the joblib workers.
  warnings.warn(
C:\Users\Mo7AmjMiro\AppData\Roaming\Python\Python314\site-packages\sklearn\utils\parallel.py:144: UserWarning: `sklearn.utils.parallel.delayed` should be used with `sklearn.utils.parallel.Parallel` to make it possible to propagate the scikit-learn configuration of the current thread to the joblib workers.
  warnings.warn(
C:\Users\Mo7AmjMiro\AppData\Roaming\Python\Python314\site-packages\sklearn\utils\parallel.py:144: UserWarning: `sklearn.utils.parallel.delayed` should be used with `sklearn.utils.parallel.Parallel` to make it possible to propagate the scikit-learn configuration of the current thread to the joblib workers.
  warnings.warn(
C:\Users\Mo7AmjMiro\AppData\Roaming\Python\Python314\site-packages\sklearn\utils\parallel.py:144: UserWarning: `sklearn.utils.parallel.delayed` should be used with `sklearn.utils.parallel.Parallel` to make it possible to propagate the scikit-learn configuration of the current thread to the joblib workers.
  warnings.warn(
C:\Users\Mo7AmjMiro\AppData\Roaming\Python\Python314\site-packages\sklearn\utils\parallel.py:144: UserWarning: `sklearn.utils.parallel.delayed` should be used with `sklearn.utils.parallel.Parallel` to make it possible to propagate the scikit-learn configuration of the current thread to the joblib workers.
  warnings.warn(
C:\Users\Mo7AmjMiro\AppData\Roaming\Python\Python314\site-packages\sklearn\utils\parallel.py:144: UserWarning: `sklearn.utils.parallel.delayed` should be used with `sklearn.utils.parallel.Parallel` to make it possible to propagate the scikit-learn configuration of the current thread to the joblib workers.
  warnings.warn(
C:\Users\Mo7AmjMiro\AppData\Roaming\Python\Python314\site-packages\sklearn\utils\parallel.py:144: UserWarning: `sklearn.utils.parallel.delayed` should be used with `sklearn.utils.parallel.Parallel` to make it possible to propagate the scikit-learn configuration of the current thread to the joblib workers.
  warnings.warn(
C:\Users\Mo7AmjMiro\AppData\Roaming\Python\Python314\site-packages\sklearn\utils\parallel.py:144: UserWarning: `sklearn.utils.parallel.delayed` should be used with `sklearn.utils.parallel.Parallel` to make it possible to propagate the scikit-learn configuration of the current thread to the joblib workers.
  warnings.warn(
C:\Users\Mo7AmjMiro\AppData\Roaming\Python\Python314\site-packages\sklearn\utils\parallel.py:144: UserWarning: `sklearn.utils.parallel.delayed` should be used with `sklearn.utils.parallel.Parallel` to make it possible to propagate the scikit-learn configuration of the current thread to the joblib workers.
  warnings.warn(
C:\Users\Mo7AmjMiro\AppData\Roaming\Python\Python314\site-packages\sklearn\utils\parallel.py:144: UserWarning: `sklearn.utils.parallel.delayed` should be used with `sklearn.utils.parallel.Parallel` to make it possible to propagate the scikit-learn configuration of the current thread to the joblib workers.
  warnings.warn(
C:\Users\Mo7AmjMiro\AppData\Roaming\Python\Python314\site-packages\sklearn\utils\parallel.py:144: UserWarning: `sklearn.utils.parallel.delayed` should be used with `sklearn.utils.parallel.Parallel` to make it possible to propagate the scikit-learn configuration of the current thread to the joblib workers.
  warnings.warn(
C:\Users\Mo7AmjMiro\AppData\Roaming\Python\Python314\site-packages\sklearn\utils\parallel.py:144: UserWarning: `sklearn.utils.parallel.delayed` should be used with `sklearn.utils.parallel.Parallel` to make it possible to propagate the scikit-learn configuration of the current thread to the joblib workers.
  warnings.warn(
C:\Users\Mo7AmjMiro\AppData\Roaming\Python\Python314\site-packages\sklearn\utils\parallel.py:144: UserWarning: `sklearn.utils.parallel.delayed` should be used with `sklearn.utils.parallel.Parallel` to make it possible to propagate the scikit-learn configuration of the current thread to the joblib workers.
  warnings.warn(
C:\Users\Mo7AmjMiro\AppData\Roaming\Python\Python314\site-packages\sklearn\utils\parallel.py:144: UserWarning: `sklearn.utils.parallel.delayed` should be used with `sklearn.utils.parallel.Parallel` to make it possible to propagate the scikit-learn configuration of the current thread to the joblib workers.
  warnings.warn(
C:\Users\Mo7AmjMiro\AppData\Roaming\Python\Python314\site-packages\sklearn\utils\parallel.py:144: UserWarning: `sklearn.utils.parallel.delayed` should be used with `sklearn.utils.parallel.Parallel` to make it possible to propagate the scikit-learn configuration of the current thread to the joblib workers.
  warnings.warn(
C:\Users\Mo7AmjMiro\AppData\Roaming\Python\Python314\site-packages\sklearn\utils\parallel.py:144: UserWarning: `sklearn.utils.parallel.delayed` should be used with `sklearn.utils.parallel.Parallel` to make it possible to propagate the scikit-learn configuration of the current thread to the joblib workers.
  warnings.warn(
C:\Users\Mo7AmjMiro\AppData\Roaming\Python\Python314\site-packages\sklearn\utils\parallel.py:144: UserWarning: `sklearn.utils.parallel.delayed` should be used with `sklearn.utils.parallel.Parallel` to make it possible to propagate the scikit-learn configuration of the current thread to the joblib workers.
  warnings.warn(
C:\Users\Mo7AmjMiro\AppData\Roaming\Python\Python314\site-packages\sklearn\utils\parallel.py:144: UserWarning: `sklearn.utils.parallel.delayed` should be used with `sklearn.utils.parallel.Parallel` to make it possible to propagate the scikit-learn configuration of the current thread to the joblib workers.
  warnings.warn(
C:\Users\Mo7AmjMiro\AppData\Roaming\Python\Python314\site-packages\sklearn\utils\parallel.py:144: UserWarning: `sklearn.utils.parallel.delayed` should be used with `sklearn.utils.parallel.Parallel` to make it possible to propagate the scikit-learn configuration of the current thread to the joblib workers.
  warnings.warn(
C:\Users\Mo7AmjMiro\AppData\Roaming\Python\Python314\site-packages\sklearn\utils\parallel.py:144: UserWarning: `sklearn.utils.parallel.delayed` should be used with `sklearn.utils.parallel.Parallel` to make it possible to propagate the scikit-learn configuration of the current thread to the joblib workers.
  warnings.warn(
C:\Users\Mo7AmjMiro\AppData\Roaming\Python\Python314\site-packages\sklearn\utils\parallel.py:144: UserWarning: `sklearn.utils.parallel.delayed` should be used with `sklearn.utils.parallel.Parallel` to make it possible to propagate the scikit-learn configuration of the current thread to the joblib workers.
  warnings.warn(
C:\Users\Mo7AmjMiro\AppData\Roaming\Python\Python314\site-packages\sklearn\utils\parallel.py:144: UserWarning: `sklearn.utils.parallel.delayed` should be used with `sklearn.utils.parallel.Parallel` to make it possible to propagate the scikit-learn configuration of the current thread to the joblib workers.
  warnings.warn(
C:\Users\Mo7AmjMiro\AppData\Roaming\Python\Python314\site-packages\sklearn\utils\parallel.py:144: UserWarning: `sklearn.utils.parallel.delayed` should be used with `sklearn.utils.parallel.Parallel` to make it possible to propagate the scikit-learn configuration of the current thread to the joblib workers.
  warnings.warn(
C:\Users\Mo7AmjMiro\AppData\Roaming\Python\Python314\site-packages\sklearn\utils\parallel.py:144: UserWarning: `sklearn.utils.parallel.delayed` should be used with `sklearn.utils.parallel.Parallel` to make it possible to propagate the scikit-learn configuration of the current thread to the joblib workers.
  warnings.warn(
C:\Users\Mo7AmjMiro\AppData\Roaming\Python\Python314\site-packages\sklearn\utils\parallel.py:144: UserWarning: `sklearn.utils.parallel.delayed` should be used with `sklearn.utils.parallel.Parallel` to make it possible to propagate the scikit-learn configuration of the current thread to the joblib workers.
  warnings.warn(
C:\Users\Mo7AmjMiro\AppData\Roaming\Python\Python314\site-packages\sklearn\utils\parallel.py:144: UserWarning: `sklearn.utils.parallel.delayed` should be used with `sklearn.utils.parallel.Parallel` to make it possible to propagate the scikit-learn configuration of the current thread to the joblib workers.
  warnings.warn(
C:\Users\Mo7AmjMiro\AppData\Roaming\Python\Python314\site-packages\sklearn\utils\parallel.py:144: UserWarning: `sklearn.utils.parallel.delayed` should be used with `sklearn.utils.parallel.Parallel` to make it possible to propagate the scikit-learn configuration of the current thread to the joblib workers.
  warnings.warn(
C:\Users\Mo7AmjMiro\AppData\Roaming\Python\Python314\site-packages\sklearn\utils\parallel.py:144: UserWarning: `sklearn.utils.parallel.delayed` should be used with `sklearn.utils.parallel.Parallel` to make it possible to propagate the scikit-learn configuration of the current thread to the joblib workers.
  warnings.warn(
C:\Users\Mo7AmjMiro\AppData\Roaming\Python\Python314\site-packages\sklearn\utils\parallel.py:144: UserWarning: `sklearn.utils.parallel.delayed` should be used with `sklearn.utils.parallel.Parallel` to make it possible to propagate the scikit-learn configuration of the current thread to the joblib workers.
  warnings.warn(
C:\Users\Mo7AmjMiro\AppData\Roaming\Python\Python314\site-packages\sklearn\utils\parallel.py:144: UserWarning: `sklearn.utils.parallel.delayed` should be used with `sklearn.utils.parallel.Parallel` to make it possible to propagate the scikit-learn configuration of the current thread to the joblib workers.
  warnings.warn(
C:\Users\Mo7AmjMiro\AppData\Roaming\Python\Python314\site-packages\sklearn\utils\parallel.py:144: UserWarning: `sklearn.utils.parallel.delayed` should be used with `sklearn.utils.parallel.Parallel` to make it possible to propagate the scikit-learn configuration of the current thread to the joblib workers.
  warnings.warn(
C:\Users\Mo7AmjMiro\AppData\Roaming\Python\Python314\site-packages\sklearn\utils\parallel.py:144: UserWarning: `sklearn.utils.parallel.delayed` should be used with `sklearn.utils.parallel.Parallel` to make it possible to propagate the scikit-learn configuration of the current thread to the joblib workers.
  warnings.warn(
C:\Users\Mo7AmjMiro\AppData\Roaming\Python\Python314\site-packages\sklearn\utils\parallel.py:144: UserWarning: `sklearn.utils.parallel.delayed` should be used with `sklearn.utils.parallel.Parallel` to make it possible to propagate the scikit-learn configuration of the current thread to the joblib workers.
  warnings.warn(
C:\Users\Mo7AmjMiro\AppData\Roaming\Python\Python314\site-packages\sklearn\utils\parallel.py:144: UserWarning: `sklearn.utils.parallel.delayed` should be used with `sklearn.utils.parallel.Parallel` to make it possible to propagate the scikit-learn configuration of the current thread to the joblib workers.
  warnings.warn(
C:\Users\Mo7AmjMiro\AppData\Roaming\Python\Python314\site-packages\sklearn\utils\parallel.py:144: UserWarning: `sklearn.utils.parallel.delayed` should be used with `sklearn.utils.parallel.Parallel` to make it possible to propagate the scikit-learn configuration of the current thread to the joblib workers.
  warnings.warn(
C:\Users\Mo7AmjMiro\AppData\Roaming\Python\Python314\site-packages\sklearn\utils\parallel.py:144: UserWarning: `sklearn.utils.parallel.delayed` should be used with `sklearn.utils.parallel.Parallel` to make it possible to propagate the scikit-learn configuration of the current thread to the joblib workers.
  warnings.warn(
C:\Users\Mo7AmjMiro\AppData\Roaming\Python\Python314\site-packages\sklearn\utils\parallel.py:144: UserWarning: `sklearn.utils.parallel.delayed` should be used with `sklearn.utils.parallel.Parallel` to make it possible to propagate the scikit-learn configuration of the current thread to the joblib workers.
  warnings.warn(
C:\Users\Mo7AmjMiro\AppData\Roaming\Python\Python314\site-packages\sklearn\utils\parallel.py:144: UserWarning: `sklearn.utils.parallel.delayed` should be used with `sklearn.utils.parallel.Parallel` to make it possible to propagate the scikit-learn configuration of the current thread to the joblib workers.
  warnings.warn(
C:\Users\Mo7AmjMiro\AppData\Roaming\Python\Python314\site-packages\sklearn\utils\parallel.py:144: UserWarning: `sklearn.utils.parallel.delayed` should be used with `sklearn.utils.parallel.Parallel` to make it possible to propagate the scikit-learn configuration of the current thread to the joblib workers.
  warnings.warn(
C:\Users\Mo7AmjMiro\AppData\Roaming\Python\Python314\site-packages\sklearn\utils\parallel.py:144: UserWarning: `sklearn.utils.parallel.delayed` should be used with `sklearn.utils.parallel.Parallel` to make it possible to propagate the scikit-learn configuration of the current thread to the joblib workers.
  warnings.warn(
C:\Users\Mo7AmjMiro\AppData\Roaming\Python\Python314\site-packages\sklearn\utils\parallel.py:144: UserWarning: `sklearn.utils.parallel.delayed` should be used with `sklearn.utils.parallel.Parallel` to make it possible to propagate the scikit-learn configuration of the current thread to the joblib workers.
  warnings.warn(
C:\Users\Mo7AmjMiro\AppData\Roaming\Python\Python314\site-packages\sklearn\utils\parallel.py:144: UserWarning: `sklearn.utils.parallel.delayed` should be used with `sklearn.utils.parallel.Parallel` to make it possible to propagate the scikit-learn configuration of the current thread to the joblib workers.
  warnings.warn(
C:\Users\Mo7AmjMiro\AppData\Roaming\Python\Python314\site-packages\sklearn\utils\parallel.py:144: UserWarning: `sklearn.utils.parallel.delayed` should be used with `sklearn.utils.parallel.Parallel` to make it possible to propagate the scikit-learn configuration of the current thread to the joblib workers.
  warnings.warn(
C:\Users\Mo7AmjMiro\AppData\Roaming\Python\Python314\site-packages\sklearn\utils\parallel.py:144: UserWarning: `sklearn.utils.parallel.delayed` should be used with `sklearn.utils.parallel.Parallel` to make it possible to propagate the scikit-learn configuration of the current thread to the joblib workers.
  warnings.warn(
C:\Users\Mo7AmjMiro\AppData\Roaming\Python\Python314\site-packages\sklearn\utils\parallel.py:144: UserWarning: `sklearn.utils.parallel.delayed` should be used with `sklearn.utils.parallel.Parallel` to make it possible to propagate the scikit-learn configuration of the current thread to the joblib workers.
  warnings.warn(
C:\Users\Mo7AmjMiro\AppData\Roaming\Python\Python314\site-packages\sklearn\utils\parallel.py:144: UserWarning: `sklearn.utils.parallel.delayed` should be used with `sklearn.utils.parallel.Parallel` to make it possible to propagate the scikit-learn configuration of the current thread to the joblib workers.
  warnings.warn(
C:\Users\Mo7AmjMiro\AppData\Roaming\Python\Python314\site-packages\sklearn\utils\parallel.py:144: UserWarning: `sklearn.utils.parallel.delayed` should be used with `sklearn.utils.parallel.Parallel` to make it possible to propagate the scikit-learn configuration of the current thread to the joblib workers.
  warnings.warn(
C:\Users\Mo7AmjMiro\AppData\Roaming\Python\Python314\site-packages\sklearn\utils\parallel.py:144: UserWarning: `sklearn.utils.parallel.delayed` should be used with `sklearn.utils.parallel.Parallel` to make it possible to propagate the scikit-learn configuration of the current thread to the joblib workers.
  warnings.warn(
C:\Users\Mo7AmjMiro\AppData\Roaming\Python\Python314\site-packages\sklearn\utils\parallel.py:144: UserWarning: `sklearn.utils.parallel.delayed` should be used with `sklearn.utils.parallel.Parallel` to make it possible to propagate the scikit-learn configuration of the current thread to the joblib workers.
  warnings.warn(
C:\Users\Mo7AmjMiro\AppData\Roaming\Python\Python314\site-packages\sklearn\utils\parallel.py:144: UserWarning: `sklearn.utils.parallel.delayed` should be used with `sklearn.utils.parallel.Parallel` to make it possible to propagate the scikit-learn configuration of the current thread to the joblib workers.
  warnings.warn(
C:\Users\Mo7AmjMiro\AppData\Roaming\Python\Python314\site-packages\sklearn\utils\parallel.py:144: UserWarning: `sklearn.utils.parallel.delayed` should be used with `sklearn.utils.parallel.Parallel` to make it possible to propagate the scikit-learn configuration of the current thread to the joblib workers.
  warnings.warn(
C:\Users\Mo7AmjMiro\AppData\Roaming\Python\Python314\site-packages\sklearn\utils\parallel.py:144: UserWarning: `sklearn.utils.parallel.delayed` should be used with `sklearn.utils.parallel.Parallel` to make it possible to propagate the scikit-learn configuration of the current thread to the joblib workers.
  warnings.warn(
C:\Users\Mo7AmjMiro\AppData\Roaming\Python\Python314\site-packages\sklearn\utils\parallel.py:144: UserWarning: `sklearn.utils.parallel.delayed` should be used with `sklearn.utils.parallel.Parallel` to make it possible to propagate the scikit-learn configuration of the current thread to the joblib workers.
  warnings.warn(
C:\Users\Mo7AmjMiro\AppData\Roaming\Python\Python314\site-packages\sklearn\utils\parallel.py:144: UserWarning: `sklearn.utils.parallel.delayed` should be used with `sklearn.utils.parallel.Parallel` to make it possible to propagate the scikit-learn configuration of the current thread to the joblib workers.
  warnings.warn(
C:\Users\Mo7AmjMiro\AppData\Roaming\Python\Python314\site-packages\sklearn\utils\parallel.py:144: UserWarning: `sklearn.utils.parallel.delayed` should be used with `sklearn.utils.parallel.Parallel` to make it possible to propagate the scikit-learn configuration of the current thread to the joblib workers.
  warnings.warn(
C:\Users\Mo7AmjMiro\AppData\Roaming\Python\Python314\site-packages\sklearn\utils\parallel.py:144: UserWarning: `sklearn.utils.parallel.delayed` should be used with `sklearn.utils.parallel.Parallel` to make it possible to propagate the scikit-learn configuration of the current thread to the joblib workers.
  warnings.warn(
C:\Users\Mo7AmjMiro\AppData\Roaming\Python\Python314\site-packages\sklearn\utils\parallel.py:144: UserWarning: `sklearn.utils.parallel.delayed` should be used with `sklearn.utils.parallel.Parallel` to make it possible to propagate the scikit-learn configuration of the current thread to the joblib workers.
  warnings.warn(
C:\Users\Mo7AmjMiro\AppData\Roaming\Python\Python314\site-packages\sklearn\utils\parallel.py:144: UserWarning: `sklearn.utils.parallel.delayed` should be used with `sklearn.utils.parallel.Parallel` to make it possible to propagate the scikit-learn configuration of the current thread to the joblib workers.
  warnings.warn(
C:\Users\Mo7AmjMiro\AppData\Roaming\Python\Python314\site-packages\sklearn\utils\parallel.py:144: UserWarning: `sklearn.utils.parallel.delayed` should be used with `sklearn.utils.parallel.Parallel` to make it possible to propagate the scikit-learn configuration of the current thread to the joblib workers.
  warnings.warn(
C:\Users\Mo7AmjMiro\AppData\Roaming\Python\Python314\site-packages\sklearn\utils\parallel.py:144: UserWarning: `sklearn.utils.parallel.delayed` should be used with `sklearn.utils.parallel.Parallel` to make it possible to propagate the scikit-learn configuration of the current thread to the joblib workers.
  warnings.warn(
C:\Users\Mo7AmjMiro\AppData\Roaming\Python\Python314\site-packages\sklearn\utils\parallel.py:144: UserWarning: `sklearn.utils.parallel.delayed` should be used with `sklearn.utils.parallel.Parallel` to make it possible to propagate the scikit-learn configuration of the current thread to the joblib workers.
  warnings.warn(
C:\Users\Mo7AmjMiro\AppData\Roaming\Python\Python314\site-packages\sklearn\utils\parallel.py:144: UserWarning: `sklearn.utils.parallel.delayed` should be used with `sklearn.utils.parallel.Parallel` to make it possible to propagate the scikit-learn configuration of the current thread to the joblib workers.
  warnings.warn(
C:\Users\Mo7AmjMiro\AppData\Roaming\Python\Python314\site-packages\sklearn\utils\parallel.py:144: UserWarning: `sklearn.utils.parallel.delayed` should be used with `sklearn.utils.parallel.Parallel` to make it possible to propagate the scikit-learn configuration of the current thread to the joblib workers.
  warnings.warn(
C:\Users\Mo7AmjMiro\AppData\Roaming\Python\Python314\site-packages\sklearn\utils\parallel.py:144: UserWarning: `sklearn.utils.parallel.delayed` should be used with `sklearn.utils.parallel.Parallel` to make it possible to propagate the scikit-learn configuration of the current thread to the joblib workers.
  warnings.warn(
C:\Users\Mo7AmjMiro\AppData\Roaming\Python\Python314\site-packages\sklearn\utils\parallel.py:144: UserWarning: `sklearn.utils.parallel.delayed` should be used with `sklearn.utils.parallel.Parallel` to make it possible to propagate the scikit-learn configuration of the current thread to the joblib workers.
  warnings.warn(
C:\Users\Mo7AmjMiro\AppData\Roaming\Python\Python314\site-packages\sklearn\utils\parallel.py:144: UserWarning: `sklearn.utils.parallel.delayed` should be used with `sklearn.utils.parallel.Parallel` to make it possible to propagate the scikit-learn configuration of the current thread to the joblib workers.
  warnings.warn(
C:\Users\Mo7AmjMiro\AppData\Roaming\Python\Python314\site-packages\sklearn\utils\parallel.py:144: UserWarning: `sklearn.utils.parallel.delayed` should be used with `sklearn.utils.parallel.Parallel` to make it possible to propagate the scikit-learn configuration of the current thread to the joblib workers.
  warnings.warn(
C:\Users\Mo7AmjMiro\AppData\Roaming\Python\Python314\site-packages\sklearn\utils\parallel.py:144: UserWarning: `sklearn.utils.parallel.delayed` should be used with `sklearn.utils.parallel.Parallel` to make it possible to propagate the scikit-learn configuration of the current thread to the joblib workers.
  warnings.warn(
C:\Users\Mo7AmjMiro\AppData\Roaming\Python\Python314\site-packages\sklearn\utils\parallel.py:144: UserWarning: `sklearn.utils.parallel.delayed` should be used with `sklearn.utils.parallel.Parallel` to make it possible to propagate the scikit-learn configuration of the current thread to the joblib workers.
  warnings.warn(
C:\Users\Mo7AmjMiro\AppData\Roaming\Python\Python314\site-packages\sklearn\utils\parallel.py:144: UserWarning: `sklearn.utils.parallel.delayed` should be used with `sklearn.utils.parallel.Parallel` to make it possible to propagate the scikit-learn configuration of the current thread to the joblib workers.
  warnings.warn(
C:\Users\Mo7AmjMiro\AppData\Roaming\Python\Python314\site-packages\sklearn\utils\parallel.py:144: UserWarning: `sklearn.utils.parallel.delayed` should be used with `sklearn.utils.parallel.Parallel` to make it possible to propagate the scikit-learn configuration of the current thread to the joblib workers.
  warnings.warn(
C:\Users\Mo7AmjMiro\AppData\Roaming\Python\Python314\site-packages\sklearn\utils\parallel.py:144: UserWarning: `sklearn.utils.parallel.delayed` should be used with `sklearn.utils.parallel.Parallel` to make it possible to propagate the scikit-learn configuration of the current thread to the joblib workers.
  warnings.warn(
C:\Users\Mo7AmjMiro\AppData\Roaming\Python\Python314\site-packages\sklearn\utils\parallel.py:144: UserWarning: `sklearn.utils.parallel.delayed` should be used with `sklearn.utils.parallel.Parallel` to make it possible to propagate the scikit-learn configuration of the current thread to the joblib workers.
  warnings.warn(
C:\Users\Mo7AmjMiro\AppData\Roaming\Python\Python314\site-packages\sklearn\utils\parallel.py:144: UserWarning: `sklearn.utils.parallel.delayed` should be used with `sklearn.utils.parallel.Parallel` to make it possible to propagate the scikit-learn configuration of the current thread to the joblib workers.
  warnings.warn(
C:\Users\Mo7AmjMiro\AppData\Roaming\Python\Python314\site-packages\sklearn\utils\parallel.py:144: UserWarning: `sklearn.utils.parallel.delayed` should be used with `sklearn.utils.parallel.Parallel` to make it possible to propagate the scikit-learn configuration of the current thread to the joblib workers.
  warnings.warn(
C:\Users\Mo7AmjMiro\AppData\Roaming\Python\Python314\site-packages\sklearn\utils\parallel.py:144: UserWarning: `sklearn.utils.parallel.delayed` should be used with `sklearn.utils.parallel.Parallel` to make it possible to propagate the scikit-learn configuration of the current thread to the joblib workers.
  warnings.warn(
C:\Users\Mo7AmjMiro\AppData\Roaming\Python\Python314\site-packages\sklearn\utils\parallel.py:144: UserWarning: `sklearn.utils.parallel.delayed` should be used with `sklearn.utils.parallel.Parallel` to make it possible to propagate the scikit-learn configuration of the current thread to the joblib workers.
  warnings.warn(
C:\Users\Mo7AmjMiro\AppData\Roaming\Python\Python314\site-packages\sklearn\utils\parallel.py:144: UserWarning: `sklearn.utils.parallel.delayed` should be used with `sklearn.utils.parallel.Parallel` to make it possible to propagate the scikit-learn configuration of the current thread to the joblib workers.
  warnings.warn(
C:\Users\Mo7AmjMiro\AppData\Roaming\Python\Python314\site-packages\sklearn\utils\parallel.py:144: UserWarning: `sklearn.utils.parallel.delayed` should be used with `sklearn.utils.parallel.Parallel` to make it possible to propagate the scikit-learn configuration of the current thread to the joblib workers.
  warnings.warn(
C:\Users\Mo7AmjMiro\AppData\Roaming\Python\Python314\site-packages\sklearn\utils\parallel.py:144: UserWarning: `sklearn.utils.parallel.delayed` should be used with `sklearn.utils.parallel.Parallel` to make it possible to propagate the scikit-learn configuration of the current thread to the joblib workers.
  warnings.warn(
C:\Users\Mo7AmjMiro\AppData\Roaming\Python\Python314\site-packages\sklearn\utils\parallel.py:144: UserWarning: `sklearn.utils.parallel.delayed` should be used with `sklearn.utils.parallel.Parallel` to make it possible to propagate the scikit-learn configuration of the current thread to the joblib workers.
  warnings.warn(
C:\Users\Mo7AmjMiro\AppData\Roaming\Python\Python314\site-packages\sklearn\utils\parallel.py:144: UserWarning: `sklearn.utils.parallel.delayed` should be used with `sklearn.utils.parallel.Parallel` to make it possible to propagate the scikit-learn configuration of the current thread to the joblib workers.
  warnings.warn(
C:\Users\Mo7AmjMiro\AppData\Roaming\Python\Python314\site-packages\sklearn\utils\parallel.py:144: UserWarning: `sklearn.utils.parallel.delayed` should be used with `sklearn.utils.parallel.Parallel` to make it possible to propagate the scikit-learn configuration of the current thread to the joblib workers.
  warnings.warn(
C:\Users\Mo7AmjMiro\AppData\Roaming\Python\Python314\site-packages\sklearn\utils\parallel.py:144: UserWarning: `sklearn.utils.parallel.delayed` should be used with `sklearn.utils.parallel.Parallel` to make it possible to propagate the scikit-learn configuration of the current thread to the joblib workers.
  warnings.warn(
C:\Users\Mo7AmjMiro\AppData\Roaming\Python\Python314\site-packages\sklearn\utils\parallel.py:144: UserWarning: `sklearn.utils.parallel.delayed` should be used with `sklearn.utils.parallel.Parallel` to make it possible to propagate the scikit-learn configuration of the current thread to the joblib workers.
  warnings.warn(
C:\Users\Mo7AmjMiro\AppData\Roaming\Python\Python314\site-packages\sklearn\utils\parallel.py:144: UserWarning: `sklearn.utils.parallel.delayed` should be used with `sklearn.utils.parallel.Parallel` to make it possible to propagate the scikit-learn configuration of the current thread to the joblib workers.
  warnings.warn(
C:\Users\Mo7AmjMiro\AppData\Roaming\Python\Python314\site-packages\sklearn\utils\parallel.py:144: UserWarning: `sklearn.utils.parallel.delayed` should be used with `sklearn.utils.parallel.Parallel` to make it possible to propagate the scikit-learn configuration of the current thread to the joblib workers.
  warnings.warn(
C:\Users\Mo7AmjMiro\AppData\Roaming\Python\Python314\site-packages\sklearn\utils\parallel.py:144: UserWarning: `sklearn.utils.parallel.delayed` should be used with `sklearn.utils.parallel.Parallel` to make it possible to propagate the scikit-learn configuration of the current thread to the joblib workers.
  warnings.warn(
C:\Users\Mo7AmjMiro\AppData\Roaming\Python\Python314\site-packages\sklearn\utils\parallel.py:144: UserWarning: `sklearn.utils.parallel.delayed` should be used with `sklearn.utils.parallel.Parallel` to make it possible to propagate the scikit-learn configuration of the current thread to the joblib workers.
  warnings.warn(
C:\Users\Mo7AmjMiro\AppData\Roaming\Python\Python314\site-packages\sklearn\utils\parallel.py:144: UserWarning: `sklearn.utils.parallel.delayed` should be used with `sklearn.utils.parallel.Parallel` to make it possible to propagate the scikit-learn configuration of the current thread to the joblib workers.
  warnings.warn(
C:\Users\Mo7AmjMiro\AppData\Roaming\Python\Python314\site-packages\sklearn\utils\parallel.py:144: UserWarning: `sklearn.utils.parallel.delayed` should be used with `sklearn.utils.parallel.Parallel` to make it possible to propagate the scikit-learn configuration of the current thread to the joblib workers.
  warnings.warn(
C:\Users\Mo7AmjMiro\AppData\Roaming\Python\Python314\site-packages\sklearn\utils\parallel.py:144: UserWarning: `sklearn.utils.parallel.delayed` should be used with `sklearn.utils.parallel.Parallel` to make it possible to propagate the scikit-learn configuration of the current thread to the joblib workers.
  warnings.warn(
C:\Users\Mo7AmjMiro\AppData\Roaming\Python\Python314\site-packages\sklearn\utils\parallel.py:144: UserWarning: `sklearn.utils.parallel.delayed` should be used with `sklearn.utils.parallel.Parallel` to make it possible to propagate the scikit-learn configuration of the current thread to the joblib workers.
  warnings.warn(
C:\Users\Mo7AmjMiro\AppData\Roaming\Python\Python314\site-packages\sklearn\utils\parallel.py:144: UserWarning: `sklearn.utils.parallel.delayed` should be used with `sklearn.utils.parallel.Parallel` to make it possible to propagate the scikit-learn configuration of the current thread to the joblib workers.
  warnings.warn(
C:\Users\Mo7AmjMiro\AppData\Roaming\Python\Python314\site-packages\sklearn\utils\parallel.py:144: UserWarning: `sklearn.utils.parallel.delayed` should be used with `sklearn.utils.parallel.Parallel` to make it possible to propagate the scikit-learn configuration of the current thread to the joblib workers.
  warnings.warn(
C:\Users\Mo7AmjMiro\AppData\Roaming\Python\Python314\site-packages\sklearn\utils\parallel.py:144: UserWarning: `sklearn.utils.parallel.delayed` should be used with `sklearn.utils.parallel.Parallel` to make it possible to propagate the scikit-learn configuration of the current thread to the joblib workers.
  warnings.warn(
C:\Users\Mo7AmjMiro\AppData\Roaming\Python\Python314\site-packages\sklearn\utils\parallel.py:144: UserWarning: `sklearn.utils.parallel.delayed` should be used with `sklearn.utils.parallel.Parallel` to make it possible to propagate the scikit-learn configuration of the current thread to the joblib workers.
  warnings.warn(
C:\Users\Mo7AmjMiro\AppData\Roaming\Python\Python314\site-packages\sklearn\utils\parallel.py:144: UserWarning: `sklearn.utils.parallel.delayed` should be used with `sklearn.utils.parallel.Parallel` to make it possible to propagate the scikit-learn configuration of the current thread to the joblib workers.
  warnings.warn(
C:\Users\Mo7AmjMiro\AppData\Roaming\Python\Python314\site-packages\sklearn\utils\parallel.py:144: UserWarning: `sklearn.utils.parallel.delayed` should be used with `sklearn.utils.parallel.Parallel` to make it possible to propagate the scikit-learn configuration of the current thread to the joblib workers.
  warnings.warn(
C:\Users\Mo7AmjMiro\AppData\Roaming\Python\Python314\site-packages\sklearn\utils\parallel.py:144: UserWarning: `sklearn.utils.parallel.delayed` should be used with `sklearn.utils.parallel.Parallel` to make it possible to propagate the scikit-learn configuration of the current thread to the joblib workers.
  warnings.warn(
C:\Users\Mo7AmjMiro\AppData\Roaming\Python\Python314\site-packages\sklearn\utils\parallel.py:144: UserWarning: `sklearn.utils.parallel.delayed` should be used with `sklearn.utils.parallel.Parallel` to make it possible to propagate the scikit-learn configuration of the current thread to the joblib workers.
  warnings.warn(
C:\Users\Mo7AmjMiro\AppData\Roaming\Python\Python314\site-packages\sklearn\utils\parallel.py:144: UserWarning: `sklearn.utils.parallel.delayed` should be used with `sklearn.utils.parallel.Parallel` to make it possible to propagate the scikit-learn configuration of the current thread to the joblib workers.
  warnings.warn(
C:\Users\Mo7AmjMiro\AppData\Roaming\Python\Python314\site-packages\sklearn\utils\parallel.py:144: UserWarning: `sklearn.utils.parallel.delayed` should be used with `sklearn.utils.parallel.Parallel` to make it possible to propagate the scikit-learn configuration of the current thread to the joblib workers.
  warnings.warn(
C:\Users\Mo7AmjMiro\AppData\Roaming\Python\Python314\site-packages\sklearn\utils\parallel.py:144: UserWarning: `sklearn.utils.parallel.delayed` should be used with `sklearn.utils.parallel.Parallel` to make it possible to propagate the scikit-learn configuration of the current thread to the joblib workers.
  warnings.warn(
C:\Users\Mo7AmjMiro\AppData\Roaming\Python\Python314\site-packages\sklearn\utils\parallel.py:144: UserWarning: `sklearn.utils.parallel.delayed` should be used with `sklearn.utils.parallel.Parallel` to make it possible to propagate the scikit-learn configuration of the current thread to the joblib workers.
  warnings.warn(
C:\Users\Mo7AmjMiro\AppData\Roaming\Python\Python314\site-packages\sklearn\utils\parallel.py:144: UserWarning: `sklearn.utils.parallel.delayed` should be used with `sklearn.utils.parallel.Parallel` to make it possible to propagate the scikit-learn configuration of the current thread to the joblib workers.
  warnings.warn(
C:\Users\Mo7AmjMiro\AppData\Roaming\Python\Python314\site-packages\sklearn\utils\parallel.py:144: UserWarning: `sklearn.utils.parallel.delayed` should be used with `sklearn.utils.parallel.Parallel` to make it possible to propagate the scikit-learn configuration of the current thread to the joblib workers.
  warnings.warn(
C:\Users\Mo7AmjMiro\AppData\Roaming\Python\Python314\site-packages\sklearn\utils\parallel.py:144: UserWarning: `sklearn.utils.parallel.delayed` should be used with `sklearn.utils.parallel.Parallel` to make it possible to propagate the scikit-learn configuration of the current thread to the joblib workers.
  warnings.warn(
C:\Users\Mo7AmjMiro\AppData\Roaming\Python\Python314\site-packages\sklearn\utils\parallel.py:144: UserWarning: `sklearn.utils.parallel.delayed` should be used with `sklearn.utils.parallel.Parallel` to make it possible to propagate the scikit-learn configuration of the current thread to the joblib workers.
  warnings.warn(
C:\Users\Mo7AmjMiro\AppData\Roaming\Python\Python314\site-packages\sklearn\utils\parallel.py:144: UserWarning: `sklearn.utils.parallel.delayed` should be used with `sklearn.utils.parallel.Parallel` to make it possible to propagate the scikit-learn configuration of the current thread to the joblib workers.
  warnings.warn(
C:\Users\Mo7AmjMiro\AppData\Roaming\Python\Python314\site-packages\sklearn\utils\parallel.py:144: UserWarning: `sklearn.utils.parallel.delayed` should be used with `sklearn.utils.parallel.Parallel` to make it possible to propagate the scikit-learn configuration of the current thread to the joblib workers.
  warnings.warn(
C:\Users\Mo7AmjMiro\AppData\Roaming\Python\Python314\site-packages\sklearn\utils\parallel.py:144: UserWarning: `sklearn.utils.parallel.delayed` should be used with `sklearn.utils.parallel.Parallel` to make it possible to propagate the scikit-learn configuration of the current thread to the joblib workers.
  warnings.warn(
C:\Users\Mo7AmjMiro\AppData\Roaming\Python\Python314\site-packages\sklearn\utils\parallel.py:144: UserWarning: `sklearn.utils.parallel.delayed` should be used with `sklearn.utils.parallel.Parallel` to make it possible to propagate the scikit-learn configuration of the current thread to the joblib workers.
  warnings.warn(
C:\Users\Mo7AmjMiro\AppData\Roaming\Python\Python314\site-packages\sklearn\utils\parallel.py:144: UserWarning: `sklearn.utils.parallel.delayed` should be used with `sklearn.utils.parallel.Parallel` to make it possible to propagate the scikit-learn configuration of the current thread to the joblib workers.
  warnings.warn(
C:\Users\Mo7AmjMiro\AppData\Roaming\Python\Python314\site-packages\sklearn\utils\parallel.py:144: UserWarning: `sklearn.utils.parallel.delayed` should be used with `sklearn.utils.parallel.Parallel` to make it possible to propagate the scikit-learn configuration of the current thread to the joblib workers.
  warnings.warn(
C:\Users\Mo7AmjMiro\AppData\Roaming\Python\Python314\site-packages\sklearn\utils\parallel.py:144: UserWarning: `sklearn.utils.parallel.delayed` should be used with `sklearn.utils.parallel.Parallel` to make it possible to propagate the scikit-learn configuration of the current thread to the joblib workers.
  warnings.warn(
C:\Users\Mo7AmjMiro\AppData\Roaming\Python\Python314\site-packages\sklearn\utils\parallel.py:144: UserWarning: `sklearn.utils.parallel.delayed` should be used with `sklearn.utils.parallel.Parallel` to make it possible to propagate the scikit-learn configuration of the current thread to the joblib workers.
  warnings.warn(
C:\Users\Mo7AmjMiro\AppData\Roaming\Python\Python314\site-packages\sklearn\utils\parallel.py:144: UserWarning: `sklearn.utils.parallel.delayed` should be used with `sklearn.utils.parallel.Parallel` to make it possible to propagate the scikit-learn configuration of the current thread to the joblib workers.
  warnings.warn(
C:\Users\Mo7AmjMiro\AppData\Roaming\Python\Python314\site-packages\sklearn\utils\parallel.py:144: UserWarning: `sklearn.utils.parallel.delayed` should be used with `sklearn.utils.parallel.Parallel` to make it possible to propagate the scikit-learn configuration of the current thread to the joblib workers.
  warnings.warn(
C:\Users\Mo7AmjMiro\AppData\Roaming\Python\Python314\site-packages\sklearn\utils\parallel.py:144: UserWarning: `sklearn.utils.parallel.delayed` should be used with `sklearn.utils.parallel.Parallel` to make it possible to propagate the scikit-learn configuration of the current thread to the joblib workers.
  warnings.warn(
C:\Users\Mo7AmjMiro\AppData\Roaming\Python\Python314\site-packages\sklearn\utils\parallel.py:144: UserWarning: `sklearn.utils.parallel.delayed` should be used with `sklearn.utils.parallel.Parallel` to make it possible to propagate the scikit-learn configuration of the current thread to the joblib workers.
  warnings.warn(
C:\Users\Mo7AmjMiro\AppData\Roaming\Python\Python314\site-packages\sklearn\utils\parallel.py:144: UserWarning: `sklearn.utils.parallel.delayed` should be used with `sklearn.utils.parallel.Parallel` to make it possible to propagate the scikit-learn configuration of the current thread to the joblib workers.
  warnings.warn(
C:\Users\Mo7AmjMiro\AppData\Roaming\Python\Python314\site-packages\sklearn\utils\parallel.py:144: UserWarning: `sklearn.utils.parallel.delayed` should be used with `sklearn.utils.parallel.Parallel` to make it possible to propagate the scikit-learn configuration of the current thread to the joblib workers.
  warnings.warn(
C:\Users\Mo7AmjMiro\AppData\Roaming\Python\Python314\site-packages\sklearn\utils\parallel.py:144: UserWarning: `sklearn.utils.parallel.delayed` should be used with `sklearn.utils.parallel.Parallel` to make it possible to propagate the scikit-learn configuration of the current thread to the joblib workers.
  warnings.warn(
C:\Users\Mo7AmjMiro\AppData\Roaming\Python\Python314\site-packages\sklearn\utils\parallel.py:144: UserWarning: `sklearn.utils.parallel.delayed` should be used with `sklearn.utils.parallel.Parallel` to make it possible to propagate the scikit-learn configuration of the current thread to the joblib workers.
  warnings.warn(
C:\Users\Mo7AmjMiro\AppData\Roaming\Python\Python314\site-packages\sklearn\utils\parallel.py:144: UserWarning: `sklearn.utils.parallel.delayed` should be used with `sklearn.utils.parallel.Parallel` to make it possible to propagate the scikit-learn configuration of the current thread to the joblib workers.
  warnings.warn(
C:\Users\Mo7AmjMiro\AppData\Roaming\Python\Python314\site-packages\sklearn\utils\parallel.py:144: UserWarning: `sklearn.utils.parallel.delayed` should be used with `sklearn.utils.parallel.Parallel` to make it possible to propagate the scikit-learn configuration of the current thread to the joblib workers.
  warnings.warn(
C:\Users\Mo7AmjMiro\AppData\Roaming\Python\Python314\site-packages\sklearn\utils\parallel.py:144: UserWarning: `sklearn.utils.parallel.delayed` should be used with `sklearn.utils.parallel.Parallel` to make it possible to propagate the scikit-learn configuration of the current thread to the joblib workers.
  warnings.warn(
C:\Users\Mo7AmjMiro\AppData\Roaming\Python\Python314\site-packages\sklearn\utils\parallel.py:144: UserWarning: `sklearn.utils.parallel.delayed` should be used with `sklearn.utils.parallel.Parallel` to make it possible to propagate the scikit-learn configuration of the current thread to the joblib workers.
  warnings.warn(
C:\Users\Mo7AmjMiro\AppData\Roaming\Python\Python314\site-packages\sklearn\utils\parallel.py:144: UserWarning: `sklearn.utils.parallel.delayed` should be used with `sklearn.utils.parallel.Parallel` to make it possible to propagate the scikit-learn configuration of the current thread to the joblib workers.
  warnings.warn(
C:\Users\Mo7AmjMiro\AppData\Roaming\Python\Python314\site-packages\sklearn\utils\parallel.py:144: UserWarning: `sklearn.utils.parallel.delayed` should be used with `sklearn.utils.parallel.Parallel` to make it possible to propagate the scikit-learn configuration of the current thread to the joblib workers.
  warnings.warn(
C:\Users\Mo7AmjMiro\AppData\Roaming\Python\Python314\site-packages\sklearn\utils\parallel.py:144: UserWarning: `sklearn.utils.parallel.delayed` should be used with `sklearn.utils.parallel.Parallel` to make it possible to propagate the scikit-learn configuration of the current thread to the joblib workers.
  warnings.warn(
C:\Users\Mo7AmjMiro\AppData\Roaming\Python\Python314\site-packages\sklearn\utils\parallel.py:144: UserWarning: `sklearn.utils.parallel.delayed` should be used with `sklearn.utils.parallel.Parallel` to make it possible to propagate the scikit-learn configuration of the current thread to the joblib workers.
  warnings.warn(
C:\Users\Mo7AmjMiro\AppData\Roaming\Python\Python314\site-packages\sklearn\utils\parallel.py:144: UserWarning: `sklearn.utils.parallel.delayed` should be used with `sklearn.utils.parallel.Parallel` to make it possible to propagate the scikit-learn configuration of the current thread to the joblib workers.
  warnings.warn(
C:\Users\Mo7AmjMiro\AppData\Roaming\Python\Python314\site-packages\sklearn\utils\parallel.py:144: UserWarning: `sklearn.utils.parallel.delayed` should be used with `sklearn.utils.parallel.Parallel` to make it possible to propagate the scikit-learn configuration of the current thread to the joblib workers.
  warnings.warn(
C:\Users\Mo7AmjMiro\AppData\Roaming\Python\Python314\site-packages\sklearn\utils\parallel.py:144: UserWarning: `sklearn.utils.parallel.delayed` should be used with `sklearn.utils.parallel.Parallel` to make it possible to propagate the scikit-learn configuration of the current thread to the joblib workers.
  warnings.warn(
C:\Users\Mo7AmjMiro\AppData\Roaming\Python\Python314\site-packages\sklearn\utils\parallel.py:144: UserWarning: `sklearn.utils.parallel.delayed` should be used with `sklearn.utils.parallel.Parallel` to make it possible to propagate the scikit-learn configuration of the current thread to the joblib workers.
  warnings.warn(
C:\Users\Mo7AmjMiro\AppData\Roaming\Python\Python314\site-packages\sklearn\utils\parallel.py:144: UserWarning: `sklearn.utils.parallel.delayed` should be used with `sklearn.utils.parallel.Parallel` to make it possible to propagate the scikit-learn configuration of the current thread to the joblib workers.
  warnings.warn(
C:\Users\Mo7AmjMiro\AppData\Roaming\Python\Python314\site-packages\sklearn\utils\parallel.py:144: UserWarning: `sklearn.utils.parallel.delayed` should be used with `sklearn.utils.parallel.Parallel` to make it possible to propagate the scikit-learn configuration of the current thread to the joblib workers.
  warnings.warn(
C:\Users\Mo7AmjMiro\AppData\Roaming\Python\Python314\site-packages\sklearn\utils\parallel.py:144: UserWarning: `sklearn.utils.parallel.delayed` should be used with `sklearn.utils.parallel.Parallel` to make it possible to propagate the scikit-learn configuration of the current thread to the joblib workers.
  warnings.warn(
C:\Users\Mo7AmjMiro\AppData\Roaming\Python\Python314\site-packages\sklearn\utils\parallel.py:144: UserWarning: `sklearn.utils.parallel.delayed` should be used with `sklearn.utils.parallel.Parallel` to make it possible to propagate the scikit-learn configuration of the current thread to the joblib workers.
  warnings.warn(
C:\Users\Mo7AmjMiro\AppData\Roaming\Python\Python314\site-packages\sklearn\utils\parallel.py:144: UserWarning: `sklearn.utils.parallel.delayed` should be used with `sklearn.utils.parallel.Parallel` to make it possible to propagate the scikit-learn configuration of the current thread to the joblib workers.
  warnings.warn(
C:\Users\Mo7AmjMiro\AppData\Roaming\Python\Python314\site-packages\sklearn\utils\parallel.py:144: UserWarning: `sklearn.utils.parallel.delayed` should be used with `sklearn.utils.parallel.Parallel` to make it possible to propagate the scikit-learn configuration of the current thread to the joblib workers.
  warnings.warn(
C:\Users\Mo7AmjMiro\AppData\Roaming\Python\Python314\site-packages\sklearn\utils\parallel.py:144: UserWarning: `sklearn.utils.parallel.delayed` should be used with `sklearn.utils.parallel.Parallel` to make it possible to propagate the scikit-learn configuration of the current thread to the joblib workers.
  warnings.warn(
C:\Users\Mo7AmjMiro\AppData\Roaming\Python\Python314\site-packages\sklearn\utils\parallel.py:144: UserWarning: `sklearn.utils.parallel.delayed` should be used with `sklearn.utils.parallel.Parallel` to make it possible to propagate the scikit-learn configuration of the current thread to the joblib workers.
  warnings.warn(
C:\Users\Mo7AmjMiro\AppData\Roaming\Python\Python314\site-packages\sklearn\utils\parallel.py:144: UserWarning: `sklearn.utils.parallel.delayed` should be used with `sklearn.utils.parallel.Parallel` to make it possible to propagate the scikit-learn configuration of the current thread to the joblib workers.
  warnings.warn(
C:\Users\Mo7AmjMiro\AppData\Roaming\Python\Python314\site-packages\sklearn\utils\parallel.py:144: UserWarning: `sklearn.utils.parallel.delayed` should be used with `sklearn.utils.parallel.Parallel` to make it possible to propagate the scikit-learn configuration of the current thread to the joblib workers.
  warnings.warn(
C:\Users\Mo7AmjMiro\AppData\Roaming\Python\Python314\site-packages\sklearn\utils\parallel.py:144: UserWarning: `sklearn.utils.parallel.delayed` should be used with `sklearn.utils.parallel.Parallel` to make it possible to propagate the scikit-learn configuration of the current thread to the joblib workers.
  warnings.warn(
C:\Users\Mo7AmjMiro\AppData\Roaming\Python\Python314\site-packages\sklearn\utils\parallel.py:144: UserWarning: `sklearn.utils.parallel.delayed` should be used with `sklearn.utils.parallel.Parallel` to make it possible to propagate the scikit-learn configuration of the current thread to the joblib workers.
  warnings.warn(
C:\Users\Mo7AmjMiro\AppData\Roaming\Python\Python314\site-packages\sklearn\utils\parallel.py:144: UserWarning: `sklearn.utils.parallel.delayed` should be used with `sklearn.utils.parallel.Parallel` to make it possible to propagate the scikit-learn configuration of the current thread to the joblib workers.
  warnings.warn(
C:\Users\Mo7AmjMiro\AppData\Roaming\Python\Python314\site-packages\sklearn\utils\parallel.py:144: UserWarning: `sklearn.utils.parallel.delayed` should be used with `sklearn.utils.parallel.Parallel` to make it possible to propagate the scikit-learn configuration of the current thread to the joblib workers.
  warnings.warn(
C:\Users\Mo7AmjMiro\AppData\Roaming\Python\Python314\site-packages\sklearn\utils\parallel.py:144: UserWarning: `sklearn.utils.parallel.delayed` should be used with `sklearn.utils.parallel.Parallel` to make it possible to propagate the scikit-learn configuration of the current thread to the joblib workers.
  warnings.warn(
C:\Users\Mo7AmjMiro\AppData\Roaming\Python\Python314\site-packages\sklearn\utils\parallel.py:144: UserWarning: `sklearn.utils.parallel.delayed` should be used with `sklearn.utils.parallel.Parallel` to make it possible to propagate the scikit-learn configuration of the current thread to the joblib workers.
  warnings.warn(
C:\Users\Mo7AmjMiro\AppData\Roaming\Python\Python314\site-packages\sklearn\utils\parallel.py:144: UserWarning: `sklearn.utils.parallel.delayed` should be used with `sklearn.utils.parallel.Parallel` to make it possible to propagate the scikit-learn configuration of the current thread to the joblib workers.
  warnings.warn(
C:\Users\Mo7AmjMiro\AppData\Roaming\Python\Python314\site-packages\sklearn\utils\parallel.py:144: UserWarning: `sklearn.utils.parallel.delayed` should be used with `sklearn.utils.parallel.Parallel` to make it possible to propagate the scikit-learn configuration of the current thread to the joblib workers.
  warnings.warn(
C:\Users\Mo7AmjMiro\AppData\Roaming\Python\Python314\site-packages\sklearn\utils\parallel.py:144: UserWarning: `sklearn.utils.parallel.delayed` should be used with `sklearn.utils.parallel.Parallel` to make it possible to propagate the scikit-learn configuration of the current thread to the joblib workers.
  warnings.warn(
C:\Users\Mo7AmjMiro\AppData\Roaming\Python\Python314\site-packages\sklearn\utils\parallel.py:144: UserWarning: `sklearn.utils.parallel.delayed` should be used with `sklearn.utils.parallel.Parallel` to make it possible to propagate the scikit-learn configuration of the current thread to the joblib workers.
  warnings.warn(
C:\Users\Mo7AmjMiro\AppData\Roaming\Python\Python314\site-packages\sklearn\utils\parallel.py:144: UserWarning: `sklearn.utils.parallel.delayed` should be used with `sklearn.utils.parallel.Parallel` to make it possible to propagate the scikit-learn configuration of the current thread to the joblib workers.
  warnings.warn(
C:\Users\Mo7AmjMiro\AppData\Roaming\Python\Python314\site-packages\sklearn\utils\parallel.py:144: UserWarning: `sklearn.utils.parallel.delayed` should be used with `sklearn.utils.parallel.Parallel` to make it possible to propagate the scikit-learn configuration of the current thread to the joblib workers.
  warnings.warn(
C:\Users\Mo7AmjMiro\AppData\Roaming\Python\Python314\site-packages\sklearn\utils\parallel.py:144: UserWarning: `sklearn.utils.parallel.delayed` should be used with `sklearn.utils.parallel.Parallel` to make it possible to propagate the scikit-learn configuration of the current thread to the joblib workers.
  warnings.warn(
C:\Users\Mo7AmjMiro\AppData\Roaming\Python\Python314\site-packages\sklearn\utils\parallel.py:144: UserWarning: `sklearn.utils.parallel.delayed` should be used with `sklearn.utils.parallel.Parallel` to make it possible to propagate the scikit-learn configuration of the current thread to the joblib workers.
  warnings.warn(
C:\Users\Mo7AmjMiro\AppData\Roaming\Python\Python314\site-packages\sklearn\utils\parallel.py:144: UserWarning: `sklearn.utils.parallel.delayed` should be used with `sklearn.utils.parallel.Parallel` to make it possible to propagate the scikit-learn configuration of the current thread to the joblib workers.
  warnings.warn(
C:\Users\Mo7AmjMiro\AppData\Roaming\Python\Python314\site-packages\sklearn\utils\parallel.py:144: UserWarning: `sklearn.utils.parallel.delayed` should be used with `sklearn.utils.parallel.Parallel` to make it possible to propagate the scikit-learn configuration of the current thread to the joblib workers.
  warnings.warn(
C:\Users\Mo7AmjMiro\AppData\Roaming\Python\Python314\site-packages\sklearn\utils\parallel.py:144: UserWarning: `sklearn.utils.parallel.delayed` should be used with `sklearn.utils.parallel.Parallel` to make it possible to propagate the scikit-learn configuration of the current thread to the joblib workers.
  warnings.warn(
C:\Users\Mo7AmjMiro\AppData\Roaming\Python\Python314\site-packages\sklearn\utils\parallel.py:144: UserWarning: `sklearn.utils.parallel.delayed` should be used with `sklearn.utils.parallel.Parallel` to make it possible to propagate the scikit-learn configuration of the current thread to the joblib workers.
  warnings.warn(
C:\Users\Mo7AmjMiro\AppData\Roaming\Python\Python314\site-packages\sklearn\utils\parallel.py:144: UserWarning: `sklearn.utils.parallel.delayed` should be used with `sklearn.utils.parallel.Parallel` to make it possible to propagate the scikit-learn configuration of the current thread to the joblib workers.
  warnings.warn(
C:\Users\Mo7AmjMiro\AppData\Roaming\Python\Python314\site-packages\sklearn\utils\parallel.py:144: UserWarning: `sklearn.utils.parallel.delayed` should be used with `sklearn.utils.parallel.Parallel` to make it possible to propagate the scikit-learn configuration of the current thread to the joblib workers.
  warnings.warn(
C:\Users\Mo7AmjMiro\AppData\Roaming\Python\Python314\site-packages\sklearn\utils\parallel.py:144: UserWarning: `sklearn.utils.parallel.delayed` should be used with `sklearn.utils.parallel.Parallel` to make it possible to propagate the scikit-learn configuration of the current thread to the joblib workers.
  warnings.warn(
C:\Users\Mo7AmjMiro\AppData\Roaming\Python\Python314\site-packages\sklearn\utils\parallel.py:144: UserWarning: `sklearn.utils.parallel.delayed` should be used with `sklearn.utils.parallel.Parallel` to make it possible to propagate the scikit-learn configuration of the current thread to the joblib workers.
  warnings.warn(
C:\Users\Mo7AmjMiro\AppData\Roaming\Python\Python314\site-packages\sklearn\utils\parallel.py:144: UserWarning: `sklearn.utils.parallel.delayed` should be used with `sklearn.utils.parallel.Parallel` to make it possible to propagate the scikit-learn configuration of the current thread to the joblib workers.
  warnings.warn(
C:\Users\Mo7AmjMiro\AppData\Roaming\Python\Python314\site-packages\sklearn\utils\parallel.py:144: UserWarning: `sklearn.utils.parallel.delayed` should be used with `sklearn.utils.parallel.Parallel` to make it possible to propagate the scikit-learn configuration of the current thread to the joblib workers.
  warnings.warn(
C:\Users\Mo7AmjMiro\AppData\Roaming\Python\Python314\site-packages\sklearn\utils\parallel.py:144: UserWarning: `sklearn.utils.parallel.delayed` should be used with `sklearn.utils.parallel.Parallel` to make it possible to propagate the scikit-learn configuration of the current thread to the joblib workers.
  warnings.warn(
C:\Users\Mo7AmjMiro\AppData\Roaming\Python\Python314\site-packages\sklearn\utils\parallel.py:144: UserWarning: `sklearn.utils.parallel.delayed` should be used with `sklearn.utils.parallel.Parallel` to make it possible to propagate the scikit-learn configuration of the current thread to the joblib workers.
  warnings.warn(
C:\Users\Mo7AmjMiro\AppData\Roaming\Python\Python314\site-packages\sklearn\utils\parallel.py:144: UserWarning: `sklearn.utils.parallel.delayed` should be used with `sklearn.utils.parallel.Parallel` to make it possible to propagate the scikit-learn configuration of the current thread to the joblib workers.
  warnings.warn(
C:\Users\Mo7AmjMiro\AppData\Roaming\Python\Python314\site-packages\sklearn\utils\parallel.py:144: UserWarning: `sklearn.utils.parallel.delayed` should be used with `sklearn.utils.parallel.Parallel` to make it possible to propagate the scikit-learn configuration of the current thread to the joblib workers.
  warnings.warn(
C:\Users\Mo7AmjMiro\AppData\Roaming\Python\Python314\site-packages\sklearn\utils\parallel.py:144: UserWarning: `sklearn.utils.parallel.delayed` should be used with `sklearn.utils.parallel.Parallel` to make it possible to propagate the scikit-learn configuration of the current thread to the joblib workers.
  warnings.warn(
C:\Users\Mo7AmjMiro\AppData\Roaming\Python\Python314\site-packages\sklearn\utils\parallel.py:144: UserWarning: `sklearn.utils.parallel.delayed` should be used with `sklearn.utils.parallel.Parallel` to make it possible to propagate the scikit-learn configuration of the current thread to the joblib workers.
  warnings.warn(
C:\Users\Mo7AmjMiro\AppData\Roaming\Python\Python314\site-packages\sklearn\utils\parallel.py:144: UserWarning: `sklearn.utils.parallel.delayed` should be used with `sklearn.utils.parallel.Parallel` to make it possible to propagate the scikit-learn configuration of the current thread to the joblib workers.
  warnings.warn(
C:\Users\Mo7AmjMiro\AppData\Roaming\Python\Python314\site-packages\sklearn\utils\parallel.py:144: UserWarning: `sklearn.utils.parallel.delayed` should be used with `sklearn.utils.parallel.Parallel` to make it possible to propagate the scikit-learn configuration of the current thread to the joblib workers.
  warnings.warn(
C:\Users\Mo7AmjMiro\AppData\Roaming\Python\Python314\site-packages\sklearn\utils\parallel.py:144: UserWarning: `sklearn.utils.parallel.delayed` should be used with `sklearn.utils.parallel.Parallel` to make it possible to propagate the scikit-learn configuration of the current thread to the joblib workers.
  warnings.warn(
C:\Users\Mo7AmjMiro\AppData\Roaming\Python\Python314\site-packages\sklearn\utils\parallel.py:144: UserWarning: `sklearn.utils.parallel.delayed` should be used with `sklearn.utils.parallel.Parallel` to make it possible to propagate the scikit-learn configuration of the current thread to the joblib workers.
  warnings.warn(
C:\Users\Mo7AmjMiro\AppData\Roaming\Python\Python314\site-packages\sklearn\utils\parallel.py:144: UserWarning: `sklearn.utils.parallel.delayed` should be used with `sklearn.utils.parallel.Parallel` to make it possible to propagate the scikit-learn configuration of the current thread to the joblib workers.
  warnings.warn(
C:\Users\Mo7AmjMiro\AppData\Roaming\Python\Python314\site-packages\sklearn\utils\parallel.py:144: UserWarning: `sklearn.utils.parallel.delayed` should be used with `sklearn.utils.parallel.Parallel` to make it possible to propagate the scikit-learn configuration of the current thread to the joblib workers.
  warnings.warn(
C:\Users\Mo7AmjMiro\AppData\Roaming\Python\Python314\site-packages\sklearn\utils\parallel.py:144: UserWarning: `sklearn.utils.parallel.delayed` should be used with `sklearn.utils.parallel.Parallel` to make it possible to propagate the scikit-learn configuration of the current thread to the joblib workers.
  warnings.warn(
C:\Users\Mo7AmjMiro\AppData\Roaming\Python\Python314\site-packages\sklearn\utils\parallel.py:144: UserWarning: `sklearn.utils.parallel.delayed` should be used with `sklearn.utils.parallel.Parallel` to make it possible to propagate the scikit-learn configuration of the current thread to the joblib workers.
  warnings.warn(
C:\Users\Mo7AmjMiro\AppData\Roaming\Python\Python314\site-packages\sklearn\utils\parallel.py:144: UserWarning: `sklearn.utils.parallel.delayed` should be used with `sklearn.utils.parallel.Parallel` to make it possible to propagate the scikit-learn configuration of the current thread to the joblib workers.
  warnings.warn(
C:\Users\Mo7AmjMiro\AppData\Roaming\Python\Python314\site-packages\sklearn\utils\parallel.py:144: UserWarning: `sklearn.utils.parallel.delayed` should be used with `sklearn.utils.parallel.Parallel` to make it possible to propagate the scikit-learn configuration of the current thread to the joblib workers.
  warnings.warn(
C:\Users\Mo7AmjMiro\AppData\Roaming\Python\Python314\site-packages\sklearn\utils\parallel.py:144: UserWarning: `sklearn.utils.parallel.delayed` should be used with `sklearn.utils.parallel.Parallel` to make it possible to propagate the scikit-learn configuration of the current thread to the joblib workers.
  warnings.warn(
C:\Users\Mo7AmjMiro\AppData\Roaming\Python\Python314\site-packages\sklearn\utils\parallel.py:144: UserWarning: `sklearn.utils.parallel.delayed` should be used with `sklearn.utils.parallel.Parallel` to make it possible to propagate the scikit-learn configuration of the current thread to the joblib workers.
  warnings.warn(
C:\Users\Mo7AmjMiro\AppData\Roaming\Python\Python314\site-packages\sklearn\utils\parallel.py:144: UserWarning: `sklearn.utils.parallel.delayed` should be used with `sklearn.utils.parallel.Parallel` to make it possible to propagate the scikit-learn configuration of the current thread to the joblib workers.
  warnings.warn(
C:\Users\Mo7AmjMiro\AppData\Roaming\Python\Python314\site-packages\sklearn\utils\parallel.py:144: UserWarning: `sklearn.utils.parallel.delayed` should be used with `sklearn.utils.parallel.Parallel` to make it possible to propagate the scikit-learn configuration of the current thread to the joblib workers.
  warnings.warn(
C:\Users\Mo7AmjMiro\AppData\Roaming\Python\Python314\site-packages\sklearn\utils\parallel.py:144: UserWarning: `sklearn.utils.parallel.delayed` should be used with `sklearn.utils.parallel.Parallel` to make it possible to propagate the scikit-learn configuration of the current thread to the joblib workers.
  warnings.warn(
C:\Users\Mo7AmjMiro\AppData\Roaming\Python\Python314\site-packages\sklearn\utils\parallel.py:144: UserWarning: `sklearn.utils.parallel.delayed` should be used with `sklearn.utils.parallel.Parallel` to make it possible to propagate the scikit-learn configuration of the current thread to the joblib workers.
  warnings.warn(
C:\Users\Mo7AmjMiro\AppData\Roaming\Python\Python314\site-packages\sklearn\utils\parallel.py:144: UserWarning: `sklearn.utils.parallel.delayed` should be used with `sklearn.utils.parallel.Parallel` to make it possible to propagate the scikit-learn configuration of the current thread to the joblib workers.
  warnings.warn(
C:\Users\Mo7AmjMiro\AppData\Roaming\Python\Python314\site-packages\sklearn\utils\parallel.py:144: UserWarning: `sklearn.utils.parallel.delayed` should be used with `sklearn.utils.parallel.Parallel` to make it possible to propagate the scikit-learn configuration of the current thread to the joblib workers.
  warnings.warn(
C:\Users\Mo7AmjMiro\AppData\Roaming\Python\Python314\site-packages\sklearn\utils\parallel.py:144: UserWarning: `sklearn.utils.parallel.delayed` should be used with `sklearn.utils.parallel.Parallel` to make it possible to propagate the scikit-learn configuration of the current thread to the joblib workers.
  warnings.warn(
C:\Users\Mo7AmjMiro\AppData\Roaming\Python\Python314\site-packages\sklearn\utils\parallel.py:144: UserWarning: `sklearn.utils.parallel.delayed` should be used with `sklearn.utils.parallel.Parallel` to make it possible to propagate the scikit-learn configuration of the current thread to the joblib workers.
  warnings.warn(
C:\Users\Mo7AmjMiro\AppData\Roaming\Python\Python314\site-packages\sklearn\utils\parallel.py:144: UserWarning: `sklearn.utils.parallel.delayed` should be used with `sklearn.utils.parallel.Parallel` to make it possible to propagate the scikit-learn configuration of the current thread to the joblib workers.
  warnings.warn(
C:\Users\Mo7AmjMiro\AppData\Roaming\Python\Python314\site-packages\sklearn\utils\parallel.py:144: UserWarning: `sklearn.utils.parallel.delayed` should be used with `sklearn.utils.parallel.Parallel` to make it possible to propagate the scikit-learn configuration of the current thread to the joblib workers.
  warnings.warn(
C:\Users\Mo7AmjMiro\AppData\Roaming\Python\Python314\site-packages\sklearn\utils\parallel.py:144: UserWarning: `sklearn.utils.parallel.delayed` should be used with `sklearn.utils.parallel.Parallel` to make it possible to propagate the scikit-learn configuration of the current thread to the joblib workers.
  warnings.warn(
C:\Users\Mo7AmjMiro\AppData\Roaming\Python\Python314\site-packages\sklearn\utils\parallel.py:144: UserWarning: `sklearn.utils.parallel.delayed` should be used with `sklearn.utils.parallel.Parallel` to make it possible to propagate the scikit-learn configuration of the current thread to the joblib workers.
  warnings.warn(
C:\Users\Mo7AmjMiro\AppData\Roaming\Python\Python314\site-packages\sklearn\utils\parallel.py:144: UserWarning: `sklearn.utils.parallel.delayed` should be used with `sklearn.utils.parallel.Parallel` to make it possible to propagate the scikit-learn configuration of the current thread to the joblib workers.
  warnings.warn(
C:\Users\Mo7AmjMiro\AppData\Roaming\Python\Python314\site-packages\sklearn\utils\parallel.py:144: UserWarning: `sklearn.utils.parallel.delayed` should be used with `sklearn.utils.parallel.Parallel` to make it possible to propagate the scikit-learn configuration of the current thread to the joblib workers.
  warnings.warn(
C:\Users\Mo7AmjMiro\AppData\Roaming\Python\Python314\site-packages\sklearn\utils\parallel.py:144: UserWarning: `sklearn.utils.parallel.delayed` should be used with `sklearn.utils.parallel.Parallel` to make it possible to propagate the scikit-learn configuration of the current thread to the joblib workers.
  warnings.warn(
C:\Users\Mo7AmjMiro\AppData\Roaming\Python\Python314\site-packages\sklearn\utils\parallel.py:144: UserWarning: `sklearn.utils.parallel.delayed` should be used with `sklearn.utils.parallel.Parallel` to make it possible to propagate the scikit-learn configuration of the current thread to the joblib workers.
  warnings.warn(
C:\Users\Mo7AmjMiro\AppData\Roaming\Python\Python314\site-packages\sklearn\utils\parallel.py:144: UserWarning: `sklearn.utils.parallel.delayed` should be used with `sklearn.utils.parallel.Parallel` to make it possible to propagate the scikit-learn configuration of the current thread to the joblib workers.
  warnings.warn(
C:\Users\Mo7AmjMiro\AppData\Roaming\Python\Python314\site-packages\sklearn\utils\parallel.py:144: UserWarning: `sklearn.utils.parallel.delayed` should be used with `sklearn.utils.parallel.Parallel` to make it possible to propagate the scikit-learn configuration of the current thread to the joblib workers.
  warnings.warn(
C:\Users\Mo7AmjMiro\AppData\Roaming\Python\Python314\site-packages\sklearn\utils\parallel.py:144: UserWarning: `sklearn.utils.parallel.delayed` should be used with `sklearn.utils.parallel.Parallel` to make it possible to propagate the scikit-learn configuration of the current thread to the joblib workers.
  warnings.warn(
C:\Users\Mo7AmjMiro\AppData\Roaming\Python\Python314\site-packages\sklearn\utils\parallel.py:144: UserWarning: `sklearn.utils.parallel.delayed` should be used with `sklearn.utils.parallel.Parallel` to make it possible to propagate the scikit-learn configuration of the current thread to the joblib workers.
  warnings.warn(
C:\Users\Mo7AmjMiro\AppData\Roaming\Python\Python314\site-packages\sklearn\utils\parallel.py:144: UserWarning: `sklearn.utils.parallel.delayed` should be used with `sklearn.utils.parallel.Parallel` to make it possible to propagate the scikit-learn configuration of the current thread to the joblib workers.
  warnings.warn(
C:\Users\Mo7AmjMiro\AppData\Roaming\Python\Python314\site-packages\sklearn\utils\parallel.py:144: UserWarning: `sklearn.utils.parallel.delayed` should be used with `sklearn.utils.parallel.Parallel` to make it possible to propagate the scikit-learn configuration of the current thread to the joblib workers.
  warnings.warn(
C:\Users\Mo7AmjMiro\AppData\Roaming\Python\Python314\site-packages\sklearn\utils\parallel.py:144: UserWarning: `sklearn.utils.parallel.delayed` should be used with `sklearn.utils.parallel.Parallel` to make it possible to propagate the scikit-learn configuration of the current thread to the joblib workers.
  warnings.warn(
C:\Users\Mo7AmjMiro\AppData\Roaming\Python\Python314\site-packages\sklearn\utils\parallel.py:144: UserWarning: `sklearn.utils.parallel.delayed` should be used with `sklearn.utils.parallel.Parallel` to make it possible to propagate the scikit-learn configuration of the current thread to the joblib workers.
  warnings.warn(
C:\Users\Mo7AmjMiro\AppData\Roaming\Python\Python314\site-packages\sklearn\utils\parallel.py:144: UserWarning: `sklearn.utils.parallel.delayed` should be used with `sklearn.utils.parallel.Parallel` to make it possible to propagate the scikit-learn configuration of the current thread to the joblib workers.
  warnings.warn(
C:\Users\Mo7AmjMiro\AppData\Roaming\Python\Python314\site-packages\sklearn\utils\parallel.py:144: UserWarning: `sklearn.utils.parallel.delayed` should be used with `sklearn.utils.parallel.Parallel` to make it possible to propagate the scikit-learn configuration of the current thread to the joblib workers.
  warnings.warn(
C:\Users\Mo7AmjMiro\AppData\Roaming\Python\Python314\site-packages\sklearn\utils\parallel.py:144: UserWarning: `sklearn.utils.parallel.delayed` should be used with `sklearn.utils.parallel.Parallel` to make it possible to propagate the scikit-learn configuration of the current thread to the joblib workers.
  warnings.warn(
C:\Users\Mo7AmjMiro\AppData\Roaming\Python\Python314\site-packages\sklearn\utils\parallel.py:144: UserWarning: `sklearn.utils.parallel.delayed` should be used with `sklearn.utils.parallel.Parallel` to make it possible to propagate the scikit-learn configuration of the current thread to the joblib workers.
  warnings.warn(
C:\Users\Mo7AmjMiro\AppData\Roaming\Python\Python314\site-packages\sklearn\utils\parallel.py:144: UserWarning: `sklearn.utils.parallel.delayed` should be used with `sklearn.utils.parallel.Parallel` to make it possible to propagate the scikit-learn configuration of the current thread to the joblib workers.
  warnings.warn(
C:\Users\Mo7AmjMiro\AppData\Roaming\Python\Python314\site-packages\sklearn\utils\parallel.py:144: UserWarning: `sklearn.utils.parallel.delayed` should be used with `sklearn.utils.parallel.Parallel` to make it possible to propagate the scikit-learn configuration of the current thread to the joblib workers.
  warnings.warn(
C:\Users\Mo7AmjMiro\AppData\Roaming\Python\Python314\site-packages\sklearn\utils\parallel.py:144: UserWarning: `sklearn.utils.parallel.delayed` should be used with `sklearn.utils.parallel.Parallel` to make it possible to propagate the scikit-learn configuration of the current thread to the joblib workers.
  warnings.warn(
C:\Users\Mo7AmjMiro\AppData\Roaming\Python\Python314\site-packages\sklearn\utils\parallel.py:144: UserWarning: `sklearn.utils.parallel.delayed` should be used with `sklearn.utils.parallel.Parallel` to make it possible to propagate the scikit-learn configuration of the current thread to the joblib workers.
  warnings.warn(
C:\Users\Mo7AmjMiro\AppData\Roaming\Python\Python314\site-packages\sklearn\utils\parallel.py:144: UserWarning: `sklearn.utils.parallel.delayed` should be used with `sklearn.utils.parallel.Parallel` to make it possible to propagate the scikit-learn configuration of the current thread to the joblib workers.
  warnings.warn(
C:\Users\Mo7AmjMiro\AppData\Roaming\Python\Python314\site-packages\sklearn\utils\parallel.py:144: UserWarning: `sklearn.utils.parallel.delayed` should be used with `sklearn.utils.parallel.Parallel` to make it possible to propagate the scikit-learn configuration of the current thread to the joblib workers.
  warnings.warn(
C:\Users\Mo7AmjMiro\AppData\Roaming\Python\Python314\site-packages\sklearn\utils\parallel.py:144: UserWarning: `sklearn.utils.parallel.delayed` should be used with `sklearn.utils.parallel.Parallel` to make it possible to propagate the scikit-learn configuration of the current thread to the joblib workers.
  warnings.warn(
C:\Users\Mo7AmjMiro\AppData\Roaming\Python\Python314\site-packages\sklearn\utils\parallel.py:144: UserWarning: `sklearn.utils.parallel.delayed` should be used with `sklearn.utils.parallel.Parallel` to make it possible to propagate the scikit-learn configuration of the current thread to the joblib workers.
  warnings.warn(
C:\Users\Mo7AmjMiro\AppData\Roaming\Python\Python314\site-packages\sklearn\utils\parallel.py:144: UserWarning: `sklearn.utils.parallel.delayed` should be used with `sklearn.utils.parallel.Parallel` to make it possible to propagate the scikit-learn configuration of the current thread to the joblib workers.
  warnings.warn(
C:\Users\Mo7AmjMiro\AppData\Roaming\Python\Python314\site-packages\sklearn\utils\parallel.py:144: UserWarning: `sklearn.utils.parallel.delayed` should be used with `sklearn.utils.parallel.Parallel` to make it possible to propagate the scikit-learn configuration of the current thread to the joblib workers.
  warnings.warn(
C:\Users\Mo7AmjMiro\AppData\Roaming\Python\Python314\site-packages\sklearn\utils\parallel.py:144: UserWarning: `sklearn.utils.parallel.delayed` should be used with `sklearn.utils.parallel.Parallel` to make it possible to propagate the scikit-learn configuration of the current thread to the joblib workers.
  warnings.warn(
C:\Users\Mo7AmjMiro\AppData\Roaming\Python\Python314\site-packages\sklearn\utils\parallel.py:144: UserWarning: `sklearn.utils.parallel.delayed` should be used with `sklearn.utils.parallel.Parallel` to make it possible to propagate the scikit-learn configuration of the current thread to the joblib workers.
  warnings.warn(
C:\Users\Mo7AmjMiro\AppData\Roaming\Python\Python314\site-packages\sklearn\utils\parallel.py:144: UserWarning: `sklearn.utils.parallel.delayed` should be used with `sklearn.utils.parallel.Parallel` to make it possible to propagate the scikit-learn configuration of the current thread to the joblib workers.
  warnings.warn(
C:\Users\Mo7AmjMiro\AppData\Roaming\Python\Python314\site-packages\sklearn\utils\parallel.py:144: UserWarning: `sklearn.utils.parallel.delayed` should be used with `sklearn.utils.parallel.Parallel` to make it possible to propagate the scikit-learn configuration of the current thread to the joblib workers.
  warnings.warn(
C:\Users\Mo7AmjMiro\AppData\Roaming\Python\Python314\site-packages\sklearn\utils\parallel.py:144: UserWarning: `sklearn.utils.parallel.delayed` should be used with `sklearn.utils.parallel.Parallel` to make it possible to propagate the scikit-learn configuration of the current thread to the joblib workers.
  warnings.warn(
C:\Users\Mo7AmjMiro\AppData\Roaming\Python\Python314\site-packages\sklearn\utils\parallel.py:144: UserWarning: `sklearn.utils.parallel.delayed` should be used with `sklearn.utils.parallel.Parallel` to make it possible to propagate the scikit-learn configuration of the current thread to the joblib workers.
  warnings.warn(
C:\Users\Mo7AmjMiro\AppData\Roaming\Python\Python314\site-packages\sklearn\utils\parallel.py:144: UserWarning: `sklearn.utils.parallel.delayed` should be used with `sklearn.utils.parallel.Parallel` to make it possible to propagate the scikit-learn configuration of the current thread to the joblib workers.
  warnings.warn(
C:\Users\Mo7AmjMiro\AppData\Roaming\Python\Python314\site-packages\sklearn\utils\parallel.py:144: UserWarning: `sklearn.utils.parallel.delayed` should be used with `sklearn.utils.parallel.Parallel` to make it possible to propagate the scikit-learn configuration of the current thread to the joblib workers.
  warnings.warn(
C:\Users\Mo7AmjMiro\AppData\Roaming\Python\Python314\site-packages\sklearn\utils\parallel.py:144: UserWarning: `sklearn.utils.parallel.delayed` should be used with `sklearn.utils.parallel.Parallel` to make it possible to propagate the scikit-learn configuration of the current thread to the joblib workers.
  warnings.warn(
C:\Users\Mo7AmjMiro\AppData\Roaming\Python\Python314\site-packages\sklearn\utils\parallel.py:144: UserWarning: `sklearn.utils.parallel.delayed` should be used with `sklearn.utils.parallel.Parallel` to make it possible to propagate the scikit-learn configuration of the current thread to the joblib workers.
  warnings.warn(
C:\Users\Mo7AmjMiro\AppData\Roaming\Python\Python314\site-packages\sklearn\utils\parallel.py:144: UserWarning: `sklearn.utils.parallel.delayed` should be used with `sklearn.utils.parallel.Parallel` to make it possible to propagate the scikit-learn configuration of the current thread to the joblib workers.
  warnings.warn(
C:\Users\Mo7AmjMiro\AppData\Roaming\Python\Python314\site-packages\sklearn\utils\parallel.py:144: UserWarning: `sklearn.utils.parallel.delayed` should be used with `sklearn.utils.parallel.Parallel` to make it possible to propagate the scikit-learn configuration of the current thread to the joblib workers.
  warnings.warn(
C:\Users\Mo7AmjMiro\AppData\Roaming\Python\Python314\site-packages\sklearn\utils\parallel.py:144: UserWarning: `sklearn.utils.parallel.delayed` should be used with `sklearn.utils.parallel.Parallel` to make it possible to propagate the scikit-learn configuration of the current thread to the joblib workers.
  warnings.warn(
C:\Users\Mo7AmjMiro\AppData\Roaming\Python\Python314\site-packages\sklearn\utils\parallel.py:144: UserWarning: `sklearn.utils.parallel.delayed` should be used with `sklearn.utils.parallel.Parallel` to make it possible to propagate the scikit-learn configuration of the current thread to the joblib workers.
  warnings.warn(
C:\Users\Mo7AmjMiro\AppData\Roaming\Python\Python314\site-packages\sklearn\utils\parallel.py:144: UserWarning: `sklearn.utils.parallel.delayed` should be used with `sklearn.utils.parallel.Parallel` to make it possible to propagate the scikit-learn configuration of the current thread to the joblib workers.
  warnings.warn(
C:\Users\Mo7AmjMiro\AppData\Roaming\Python\Python314\site-packages\sklearn\utils\parallel.py:144: UserWarning: `sklearn.utils.parallel.delayed` should be used with `sklearn.utils.parallel.Parallel` to make it possible to propagate the scikit-learn configuration of the current thread to the joblib workers.
  warnings.warn(
C:\Users\Mo7AmjMiro\AppData\Roaming\Python\Python314\site-packages\sklearn\utils\parallel.py:144: UserWarning: `sklearn.utils.parallel.delayed` should be used with `sklearn.utils.parallel.Parallel` to make it possible to propagate the scikit-learn configuration of the current thread to the joblib workers.
  warnings.warn(
C:\Users\Mo7AmjMiro\AppData\Roaming\Python\Python314\site-packages\sklearn\utils\parallel.py:144: UserWarning: `sklearn.utils.parallel.delayed` should be used with `sklearn.utils.parallel.Parallel` to make it possible to propagate the scikit-learn configuration of the current thread to the joblib workers.
  warnings.warn(
C:\Users\Mo7AmjMiro\AppData\Roaming\Python\Python314\site-packages\sklearn\utils\parallel.py:144: UserWarning: `sklearn.utils.parallel.delayed` should be used with `sklearn.utils.parallel.Parallel` to make it possible to propagate the scikit-learn configuration of the current thread to the joblib workers.
  warnings.warn(
C:\Users\Mo7AmjMiro\AppData\Roaming\Python\Python314\site-packages\sklearn\utils\parallel.py:144: UserWarning: `sklearn.utils.parallel.delayed` should be used with `sklearn.utils.parallel.Parallel` to make it possible to propagate the scikit-learn configuration of the current thread to the joblib workers.
  warnings.warn(
C:\Users\Mo7AmjMiro\AppData\Roaming\Python\Python314\site-packages\sklearn\utils\parallel.py:144: UserWarning: `sklearn.utils.parallel.delayed` should be used with `sklearn.utils.parallel.Parallel` to make it possible to propagate the scikit-learn configuration of the current thread to the joblib workers.
  warnings.warn(
C:\Users\Mo7AmjMiro\AppData\Roaming\Python\Python314\site-packages\sklearn\utils\parallel.py:144: UserWarning: `sklearn.utils.parallel.delayed` should be used with `sklearn.utils.parallel.Parallel` to make it possible to propagate the scikit-learn configuration of the current thread to the joblib workers.
  warnings.warn(
C:\Users\Mo7AmjMiro\AppData\Roaming\Python\Python314\site-packages\sklearn\utils\parallel.py:144: UserWarning: `sklearn.utils.parallel.delayed` should be used with `sklearn.utils.parallel.Parallel` to make it possible to propagate the scikit-learn configuration of the current thread to the joblib workers.
  warnings.warn(
C:\Users\Mo7AmjMiro\AppData\Roaming\Python\Python314\site-packages\sklearn\utils\parallel.py:144: UserWarning: `sklearn.utils.parallel.delayed` should be used with `sklearn.utils.parallel.Parallel` to make it possible to propagate the scikit-learn configuration of the current thread to the joblib workers.
  warnings.warn(
C:\Users\Mo7AmjMiro\AppData\Roaming\Python\Python314\site-packages\sklearn\utils\parallel.py:144: UserWarning: `sklearn.utils.parallel.delayed` should be used with `sklearn.utils.parallel.Parallel` to make it possible to propagate the scikit-learn configuration of the current thread to the joblib workers.
  warnings.warn(
C:\Users\Mo7AmjMiro\AppData\Roaming\Python\Python314\site-packages\sklearn\utils\parallel.py:144: UserWarning: `sklearn.utils.parallel.delayed` should be used with `sklearn.utils.parallel.Parallel` to make it possible to propagate the scikit-learn configuration of the current thread to the joblib workers.
  warnings.warn(
C:\Users\Mo7AmjMiro\AppData\Roaming\Python\Python314\site-packages\sklearn\utils\parallel.py:144: UserWarning: `sklearn.utils.parallel.delayed` should be used with `sklearn.utils.parallel.Parallel` to make it possible to propagate the scikit-learn configuration of the current thread to the joblib workers.
  warnings.warn(
C:\Users\Mo7AmjMiro\AppData\Roaming\Python\Python314\site-packages\sklearn\utils\parallel.py:144: UserWarning: `sklearn.utils.parallel.delayed` should be used with `sklearn.utils.parallel.Parallel` to make it possible to propagate the scikit-learn configuration of the current thread to the joblib workers.
  warnings.warn(
C:\Users\Mo7AmjMiro\AppData\Roaming\Python\Python314\site-packages\sklearn\utils\parallel.py:144: UserWarning: `sklearn.utils.parallel.delayed` should be used with `sklearn.utils.parallel.Parallel` to make it possible to propagate the scikit-learn configuration of the current thread to the joblib workers.
  warnings.warn(
C:\Users\Mo7AmjMiro\AppData\Roaming\Python\Python314\site-packages\sklearn\utils\parallel.py:144: UserWarning: `sklearn.utils.parallel.delayed` should be used with `sklearn.utils.parallel.Parallel` to make it possible to propagate the scikit-learn configuration of the current thread to the joblib workers.
  warnings.warn(
C:\Users\Mo7AmjMiro\AppData\Roaming\Python\Python314\site-packages\sklearn\utils\parallel.py:144: UserWarning: `sklearn.utils.parallel.delayed` should be used with `sklearn.utils.parallel.Parallel` to make it possible to propagate the scikit-learn configuration of the current thread to the joblib workers.
  warnings.warn(
C:\Users\Mo7AmjMiro\AppData\Roaming\Python\Python314\site-packages\sklearn\utils\parallel.py:144: UserWarning: `sklearn.utils.parallel.delayed` should be used with `sklearn.utils.parallel.Parallel` to make it possible to propagate the scikit-learn configuration of the current thread to the joblib workers.
  warnings.warn(
C:\Users\Mo7AmjMiro\AppData\Roaming\Python\Python314\site-packages\sklearn\utils\parallel.py:144: UserWarning: `sklearn.utils.parallel.delayed` should be used with `sklearn.utils.parallel.Parallel` to make it possible to propagate the scikit-learn configuration of the current thread to the joblib workers.
  warnings.warn(
C:\Users\Mo7AmjMiro\AppData\Roaming\Python\Python314\site-packages\sklearn\utils\parallel.py:144: UserWarning: `sklearn.utils.parallel.delayed` should be used with `sklearn.utils.parallel.Parallel` to make it possible to propagate the scikit-learn configuration of the current thread to the joblib workers.
  warnings.warn(
C:\Users\Mo7AmjMiro\AppData\Roaming\Python\Python314\site-packages\sklearn\utils\parallel.py:144: UserWarning: `sklearn.utils.parallel.delayed` should be used with `sklearn.utils.parallel.Parallel` to make it possible to propagate the scikit-learn configuration of the current thread to the joblib workers.
  warnings.warn(
C:\Users\Mo7AmjMiro\AppData\Roaming\Python\Python314\site-packages\sklearn\utils\parallel.py:144: UserWarning: `sklearn.utils.parallel.delayed` should be used with `sklearn.utils.parallel.Parallel` to make it possible to propagate the scikit-learn configuration of the current thread to the joblib workers.
  warnings.warn(
C:\Users\Mo7AmjMiro\AppData\Roaming\Python\Python314\site-packages\sklearn\utils\parallel.py:144: UserWarning: `sklearn.utils.parallel.delayed` should be used with `sklearn.utils.parallel.Parallel` to make it possible to propagate the scikit-learn configuration of the current thread to the joblib workers.
  warnings.warn(
C:\Users\Mo7AmjMiro\AppData\Roaming\Python\Python314\site-packages\sklearn\utils\parallel.py:144: UserWarning: `sklearn.utils.parallel.delayed` should be used with `sklearn.utils.parallel.Parallel` to make it possible to propagate the scikit-learn configuration of the current thread to the joblib workers.
  warnings.warn(
C:\Users\Mo7AmjMiro\AppData\Roaming\Python\Python314\site-packages\sklearn\utils\parallel.py:144: UserWarning: `sklearn.utils.parallel.delayed` should be used with `sklearn.utils.parallel.Parallel` to make it possible to propagate the scikit-learn configuration of the current thread to the joblib workers.
  warnings.warn(
C:\Users\Mo7AmjMiro\AppData\Roaming\Python\Python314\site-packages\sklearn\utils\parallel.py:144: UserWarning: `sklearn.utils.parallel.delayed` should be used with `sklearn.utils.parallel.Parallel` to make it possible to propagate the scikit-learn configuration of the current thread to the joblib workers.
  warnings.warn(
C:\Users\Mo7AmjMiro\AppData\Roaming\Python\Python314\site-packages\sklearn\utils\parallel.py:144: UserWarning: `sklearn.utils.parallel.delayed` should be used with `sklearn.utils.parallel.Parallel` to make it possible to propagate the scikit-learn configuration of the current thread to the joblib workers.
  warnings.warn(
C:\Users\Mo7AmjMiro\AppData\Roaming\Python\Python314\site-packages\sklearn\utils\parallel.py:144: UserWarning: `sklearn.utils.parallel.delayed` should be used with `sklearn.utils.parallel.Parallel` to make it possible to propagate the scikit-learn configuration of the current thread to the joblib workers.
  warnings.warn(
C:\Users\Mo7AmjMiro\AppData\Roaming\Python\Python314\site-packages\sklearn\utils\parallel.py:144: UserWarning: `sklearn.utils.parallel.delayed` should be used with `sklearn.utils.parallel.Parallel` to make it possible to propagate the scikit-learn configuration of the current thread to the joblib workers.
  warnings.warn(
C:\Users\Mo7AmjMiro\AppData\Roaming\Python\Python314\site-packages\sklearn\utils\parallel.py:144: UserWarning: `sklearn.utils.parallel.delayed` should be used with `sklearn.utils.parallel.Parallel` to make it possible to propagate the scikit-learn configuration of the current thread to the joblib workers.
  warnings.warn(
C:\Users\Mo7AmjMiro\AppData\Roaming\Python\Python314\site-packages\sklearn\utils\parallel.py:144: UserWarning: `sklearn.utils.parallel.delayed` should be used with `sklearn.utils.parallel.Parallel` to make it possible to propagate the scikit-learn configuration of the current thread to the joblib workers.
  warnings.warn(
C:\Users\Mo7AmjMiro\AppData\Roaming\Python\Python314\site-packages\sklearn\utils\parallel.py:144: UserWarning: `sklearn.utils.parallel.delayed` should be used with `sklearn.utils.parallel.Parallel` to make it possible to propagate the scikit-learn configuration of the current thread to the joblib workers.
  warnings.warn(
C:\Users\Mo7AmjMiro\AppData\Roaming\Python\Python314\site-packages\sklearn\utils\parallel.py:144: UserWarning: `sklearn.utils.parallel.delayed` should be used with `sklearn.utils.parallel.Parallel` to make it possible to propagate the scikit-learn configuration of the current thread to the joblib workers.
  warnings.warn(
C:\Users\Mo7AmjMiro\AppData\Roaming\Python\Python314\site-packages\sklearn\utils\parallel.py:144: UserWarning: `sklearn.utils.parallel.delayed` should be used with `sklearn.utils.parallel.Parallel` to make it possible to propagate the scikit-learn configuration of the current thread to the joblib workers.
  warnings.warn(
C:\Users\Mo7AmjMiro\AppData\Roaming\Python\Python314\site-packages\sklearn\utils\parallel.py:144: UserWarning: `sklearn.utils.parallel.delayed` should be used with `sklearn.utils.parallel.Parallel` to make it possible to propagate the scikit-learn configuration of the current thread to the joblib workers.
  warnings.warn(
C:\Users\Mo7AmjMiro\AppData\Roaming\Python\Python314\site-packages\sklearn\utils\parallel.py:144: UserWarning: `sklearn.utils.parallel.delayed` should be used with `sklearn.utils.parallel.Parallel` to make it possible to propagate the scikit-learn configuration of the current thread to the joblib workers.
  warnings.warn(
C:\Users\Mo7AmjMiro\AppData\Roaming\Python\Python314\site-packages\sklearn\utils\parallel.py:144: UserWarning: `sklearn.utils.parallel.delayed` should be used with `sklearn.utils.parallel.Parallel` to make it possible to propagate the scikit-learn configuration of the current thread to the joblib workers.
  warnings.warn(
C:\Users\Mo7AmjMiro\AppData\Roaming\Python\Python314\site-packages\sklearn\utils\parallel.py:144: UserWarning: `sklearn.utils.parallel.delayed` should be used with `sklearn.utils.parallel.Parallel` to make it possible to propagate the scikit-learn configuration of the current thread to the joblib workers.
  warnings.warn(
C:\Users\Mo7AmjMiro\AppData\Roaming\Python\Python314\site-packages\sklearn\utils\parallel.py:144: UserWarning: `sklearn.utils.parallel.delayed` should be used with `sklearn.utils.parallel.Parallel` to make it possible to propagate the scikit-learn configuration of the current thread to the joblib workers.
  warnings.warn(
C:\Users\Mo7AmjMiro\AppData\Roaming\Python\Python314\site-packages\sklearn\utils\parallel.py:144: UserWarning: `sklearn.utils.parallel.delayed` should be used with `sklearn.utils.parallel.Parallel` to make it possible to propagate the scikit-learn configuration of the current thread to the joblib workers.
  warnings.warn(
C:\Users\Mo7AmjMiro\AppData\Roaming\Python\Python314\site-packages\sklearn\utils\parallel.py:144: UserWarning: `sklearn.utils.parallel.delayed` should be used with `sklearn.utils.parallel.Parallel` to make it possible to propagate the scikit-learn configuration of the current thread to the joblib workers.
  warnings.warn(
C:\Users\Mo7AmjMiro\AppData\Roaming\Python\Python314\site-packages\sklearn\utils\parallel.py:144: UserWarning: `sklearn.utils.parallel.delayed` should be used with `sklearn.utils.parallel.Parallel` to make it possible to propagate the scikit-learn configuration of the current thread to the joblib workers.
  warnings.warn(
C:\Users\Mo7AmjMiro\AppData\Roaming\Python\Python314\site-packages\sklearn\utils\parallel.py:144: UserWarning: `sklearn.utils.parallel.delayed` should be used with `sklearn.utils.parallel.Parallel` to make it possible to propagate the scikit-learn configuration of the current thread to the joblib workers.
  warnings.warn(
C:\Users\Mo7AmjMiro\AppData\Roaming\Python\Python314\site-packages\sklearn\utils\parallel.py:144: UserWarning: `sklearn.utils.parallel.delayed` should be used with `sklearn.utils.parallel.Parallel` to make it possible to propagate the scikit-learn configuration of the current thread to the joblib workers.
  warnings.warn(
C:\Users\Mo7AmjMiro\AppData\Roaming\Python\Python314\site-packages\sklearn\utils\parallel.py:144: UserWarning: `sklearn.utils.parallel.delayed` should be used with `sklearn.utils.parallel.Parallel` to make it possible to propagate the scikit-learn configuration of the current thread to the joblib workers.
  warnings.warn(
C:\Users\Mo7AmjMiro\AppData\Roaming\Python\Python314\site-packages\sklearn\utils\parallel.py:144: UserWarning: `sklearn.utils.parallel.delayed` should be used with `sklearn.utils.parallel.Parallel` to make it possible to propagate the scikit-learn configuration of the current thread to the joblib workers.
  warnings.warn(
C:\Users\Mo7AmjMiro\AppData\Roaming\Python\Python314\site-packages\sklearn\utils\parallel.py:144: UserWarning: `sklearn.utils.parallel.delayed` should be used with `sklearn.utils.parallel.Parallel` to make it possible to propagate the scikit-learn configuration of the current thread to the joblib workers.
  warnings.warn(
C:\Users\Mo7AmjMiro\AppData\Roaming\Python\Python314\site-packages\sklearn\utils\parallel.py:144: UserWarning: `sklearn.utils.parallel.delayed` should be used with `sklearn.utils.parallel.Parallel` to make it possible to propagate the scikit-learn configuration of the current thread to the joblib workers.
  warnings.warn(
C:\Users\Mo7AmjMiro\AppData\Roaming\Python\Python314\site-packages\sklearn\utils\parallel.py:144: UserWarning: `sklearn.utils.parallel.delayed` should be used with `sklearn.utils.parallel.Parallel` to make it possible to propagate the scikit-learn configuration of the current thread to the joblib workers.
  warnings.warn(
C:\Users\Mo7AmjMiro\AppData\Roaming\Python\Python314\site-packages\sklearn\utils\parallel.py:144: UserWarning: `sklearn.utils.parallel.delayed` should be used with `sklearn.utils.parallel.Parallel` to make it possible to propagate the scikit-learn configuration of the current thread to the joblib workers.
  warnings.warn(
C:\Users\Mo7AmjMiro\AppData\Roaming\Python\Python314\site-packages\sklearn\utils\parallel.py:144: UserWarning: `sklearn.utils.parallel.delayed` should be used with `sklearn.utils.parallel.Parallel` to make it possible to propagate the scikit-learn configuration of the current thread to the joblib workers.
  warnings.warn(
C:\Users\Mo7AmjMiro\AppData\Roaming\Python\Python314\site-packages\sklearn\utils\parallel.py:144: UserWarning: `sklearn.utils.parallel.delayed` should be used with `sklearn.utils.parallel.Parallel` to make it possible to propagate the scikit-learn configuration of the current thread to the joblib workers.
  warnings.warn(
C:\Users\Mo7AmjMiro\AppData\Roaming\Python\Python314\site-packages\sklearn\utils\parallel.py:144: UserWarning: `sklearn.utils.parallel.delayed` should be used with `sklearn.utils.parallel.Parallel` to make it possible to propagate the scikit-learn configuration of the current thread to the joblib workers.
  warnings.warn(
C:\Users\Mo7AmjMiro\AppData\Roaming\Python\Python314\site-packages\sklearn\utils\parallel.py:144: UserWarning: `sklearn.utils.parallel.delayed` should be used with `sklearn.utils.parallel.Parallel` to make it possible to propagate the scikit-learn configuration of the current thread to the joblib workers.
  warnings.warn(
C:\Users\Mo7AmjMiro\AppData\Roaming\Python\Python314\site-packages\sklearn\utils\parallel.py:144: UserWarning: `sklearn.utils.parallel.delayed` should be used with `sklearn.utils.parallel.Parallel` to make it possible to propagate the scikit-learn configuration of the current thread to the joblib workers.
  warnings.warn(
C:\Users\Mo7AmjMiro\AppData\Roaming\Python\Python314\site-packages\sklearn\utils\parallel.py:144: UserWarning: `sklearn.utils.parallel.delayed` should be used with `sklearn.utils.parallel.Parallel` to make it possible to propagate the scikit-learn configuration of the current thread to the joblib workers.
  warnings.warn(
C:\Users\Mo7AmjMiro\AppData\Roaming\Python\Python314\site-packages\sklearn\utils\parallel.py:144: UserWarning: `sklearn.utils.parallel.delayed` should be used with `sklearn.utils.parallel.Parallel` to make it possible to propagate the scikit-learn configuration of the current thread to the joblib workers.
  warnings.warn(
C:\Users\Mo7AmjMiro\AppData\Roaming\Python\Python314\site-packages\sklearn\utils\parallel.py:144: UserWarning: `sklearn.utils.parallel.delayed` should be used with `sklearn.utils.parallel.Parallel` to make it possible to propagate the scikit-learn configuration of the current thread to the joblib workers.
  warnings.warn(
C:\Users\Mo7AmjMiro\AppData\Roaming\Python\Python314\site-packages\sklearn\utils\parallel.py:144: UserWarning: `sklearn.utils.parallel.delayed` should be used with `sklearn.utils.parallel.Parallel` to make it possible to propagate the scikit-learn configuration of the current thread to the joblib workers.
  warnings.warn(
C:\Users\Mo7AmjMiro\AppData\Roaming\Python\Python314\site-packages\sklearn\utils\parallel.py:144: UserWarning: `sklearn.utils.parallel.delayed` should be used with `sklearn.utils.parallel.Parallel` to make it possible to propagate the scikit-learn configuration of the current thread to the joblib workers.
  warnings.warn(
C:\Users\Mo7AmjMiro\AppData\Roaming\Python\Python314\site-packages\sklearn\utils\parallel.py:144: UserWarning: `sklearn.utils.parallel.delayed` should be used with `sklearn.utils.parallel.Parallel` to make it possible to propagate the scikit-learn configuration of the current thread to the joblib workers.
  warnings.warn(
C:\Users\Mo7AmjMiro\AppData\Roaming\Python\Python314\site-packages\sklearn\utils\parallel.py:144: UserWarning: `sklearn.utils.parallel.delayed` should be used with `sklearn.utils.parallel.Parallel` to make it possible to propagate the scikit-learn configuration of the current thread to the joblib workers.
  warnings.warn(
C:\Users\Mo7AmjMiro\AppData\Roaming\Python\Python314\site-packages\sklearn\utils\parallel.py:144: UserWarning: `sklearn.utils.parallel.delayed` should be used with `sklearn.utils.parallel.Parallel` to make it possible to propagate the scikit-learn configuration of the current thread to the joblib workers.
  warnings.warn(
C:\Users\Mo7AmjMiro\AppData\Roaming\Python\Python314\site-packages\sklearn\utils\parallel.py:144: UserWarning: `sklearn.utils.parallel.delayed` should be used with `sklearn.utils.parallel.Parallel` to make it possible to propagate the scikit-learn configuration of the current thread to the joblib workers.
  warnings.warn(
C:\Users\Mo7AmjMiro\AppData\Roaming\Python\Python314\site-packages\sklearn\utils\parallel.py:144: UserWarning: `sklearn.utils.parallel.delayed` should be used with `sklearn.utils.parallel.Parallel` to make it possible to propagate the scikit-learn configuration of the current thread to the joblib workers.
  warnings.warn(
C:\Users\Mo7AmjMiro\AppData\Roaming\Python\Python314\site-packages\sklearn\utils\parallel.py:144: UserWarning: `sklearn.utils.parallel.delayed` should be used with `sklearn.utils.parallel.Parallel` to make it possible to propagate the scikit-learn configuration of the current thread to the joblib workers.
  warnings.warn(
C:\Users\Mo7AmjMiro\AppData\Roaming\Python\Python314\site-packages\sklearn\utils\parallel.py:144: UserWarning: `sklearn.utils.parallel.delayed` should be used with `sklearn.utils.parallel.Parallel` to make it possible to propagate the scikit-learn configuration of the current thread to the joblib workers.
  warnings.warn(
C:\Users\Mo7AmjMiro\AppData\Roaming\Python\Python314\site-packages\sklearn\utils\parallel.py:144: UserWarning: `sklearn.utils.parallel.delayed` should be used with `sklearn.utils.parallel.Parallel` to make it possible to propagate the scikit-learn configuration of the current thread to the joblib workers.
  warnings.warn(
C:\Users\Mo7AmjMiro\AppData\Roaming\Python\Python314\site-packages\sklearn\utils\parallel.py:144: UserWarning: `sklearn.utils.parallel.delayed` should be used with `sklearn.utils.parallel.Parallel` to make it possible to propagate the scikit-learn configuration of the current thread to the joblib workers.
  warnings.warn(
C:\Users\Mo7AmjMiro\AppData\Roaming\Python\Python314\site-packages\sklearn\utils\parallel.py:144: UserWarning: `sklearn.utils.parallel.delayed` should be used with `sklearn.utils.parallel.Parallel` to make it possible to propagate the scikit-learn configuration of the current thread to the joblib workers.
  warnings.warn(
C:\Users\Mo7AmjMiro\AppData\Roaming\Python\Python314\site-packages\sklearn\utils\parallel.py:144: UserWarning: `sklearn.utils.parallel.delayed` should be used with `sklearn.utils.parallel.Parallel` to make it possible to propagate the scikit-learn configuration of the current thread to the joblib workers.
  warnings.warn(
C:\Users\Mo7AmjMiro\AppData\Roaming\Python\Python314\site-packages\sklearn\utils\parallel.py:144: UserWarning: `sklearn.utils.parallel.delayed` should be used with `sklearn.utils.parallel.Parallel` to make it possible to propagate the scikit-learn configuration of the current thread to the joblib workers.
  warnings.warn(
C:\Users\Mo7AmjMiro\AppData\Roaming\Python\Python314\site-packages\sklearn\utils\parallel.py:144: UserWarning: `sklearn.utils.parallel.delayed` should be used with `sklearn.utils.parallel.Parallel` to make it possible to propagate the scikit-learn configuration of the current thread to the joblib workers.
  warnings.warn(
C:\Users\Mo7AmjMiro\AppData\Roaming\Python\Python314\site-packages\sklearn\utils\parallel.py:144: UserWarning: `sklearn.utils.parallel.delayed` should be used with `sklearn.utils.parallel.Parallel` to make it possible to propagate the scikit-learn configuration of the current thread to the joblib workers.
  warnings.warn(
C:\Users\Mo7AmjMiro\AppData\Roaming\Python\Python314\site-packages\sklearn\utils\parallel.py:144: UserWarning: `sklearn.utils.parallel.delayed` should be used with `sklearn.utils.parallel.Parallel` to make it possible to propagate the scikit-learn configuration of the current thread to the joblib workers.
  warnings.warn(
C:\Users\Mo7AmjMiro\AppData\Roaming\Python\Python314\site-packages\sklearn\utils\parallel.py:144: UserWarning: `sklearn.utils.parallel.delayed` should be used with `sklearn.utils.parallel.Parallel` to make it possible to propagate the scikit-learn configuration of the current thread to the joblib workers.
  warnings.warn(
C:\Users\Mo7AmjMiro\AppData\Roaming\Python\Python314\site-packages\sklearn\utils\parallel.py:144: UserWarning: `sklearn.utils.parallel.delayed` should be used with `sklearn.utils.parallel.Parallel` to make it possible to propagate the scikit-learn configuration of the current thread to the joblib workers.
  warnings.warn(
C:\Users\Mo7AmjMiro\AppData\Roaming\Python\Python314\site-packages\sklearn\utils\parallel.py:144: UserWarning: `sklearn.utils.parallel.delayed` should be used with `sklearn.utils.parallel.Parallel` to make it possible to propagate the scikit-learn configuration of the current thread to the joblib workers.
  warnings.warn(
C:\Users\Mo7AmjMiro\AppData\Roaming\Python\Python314\site-packages\sklearn\utils\parallel.py:144: UserWarning: `sklearn.utils.parallel.delayed` should be used with `sklearn.utils.parallel.Parallel` to make it possible to propagate the scikit-learn configuration of the current thread to the joblib workers.
  warnings.warn(
C:\Users\Mo7AmjMiro\AppData\Roaming\Python\Python314\site-packages\sklearn\utils\parallel.py:144: UserWarning: `sklearn.utils.parallel.delayed` should be used with `sklearn.utils.parallel.Parallel` to make it possible to propagate the scikit-learn configuration of the current thread to the joblib workers.
  warnings.warn(
C:\Users\Mo7AmjMiro\AppData\Roaming\Python\Python314\site-packages\sklearn\utils\parallel.py:144: UserWarning: `sklearn.utils.parallel.delayed` should be used with `sklearn.utils.parallel.Parallel` to make it possible to propagate the scikit-learn configuration of the current thread to the joblib workers.
  warnings.warn(
C:\Users\Mo7AmjMiro\AppData\Roaming\Python\Python314\site-packages\sklearn\utils\parallel.py:144: UserWarning: `sklearn.utils.parallel.delayed` should be used with `sklearn.utils.parallel.Parallel` to make it possible to propagate the scikit-learn configuration of the current thread to the joblib workers.
  warnings.warn(
C:\Users\Mo7AmjMiro\AppData\Roaming\Python\Python314\site-packages\sklearn\utils\parallel.py:144: UserWarning: `sklearn.utils.parallel.delayed` should be used with `sklearn.utils.parallel.Parallel` to make it possible to propagate the scikit-learn configuration of the current thread to the joblib workers.
  warnings.warn(
C:\Users\Mo7AmjMiro\AppData\Roaming\Python\Python314\site-packages\sklearn\utils\parallel.py:144: UserWarning: `sklearn.utils.parallel.delayed` should be used with `sklearn.utils.parallel.Parallel` to make it possible to propagate the scikit-learn configuration of the current thread to the joblib workers.
  warnings.warn(
C:\Users\Mo7AmjMiro\AppData\Roaming\Python\Python314\site-packages\sklearn\utils\parallel.py:144: UserWarning: `sklearn.utils.parallel.delayed` should be used with `sklearn.utils.parallel.Parallel` to make it possible to propagate the scikit-learn configuration of the current thread to the joblib workers.
  warnings.warn(
C:\Users\Mo7AmjMiro\AppData\Roaming\Python\Python314\site-packages\sklearn\utils\parallel.py:144: UserWarning: `sklearn.utils.parallel.delayed` should be used with `sklearn.utils.parallel.Parallel` to make it possible to propagate the scikit-learn configuration of the current thread to the joblib workers.
  warnings.warn(
C:\Users\Mo7AmjMiro\AppData\Roaming\Python\Python314\site-packages\sklearn\utils\parallel.py:144: UserWarning: `sklearn.utils.parallel.delayed` should be used with `sklearn.utils.parallel.Parallel` to make it possible to propagate the scikit-learn configuration of the current thread to the joblib workers.
  warnings.warn(
C:\Users\Mo7AmjMiro\AppData\Roaming\Python\Python314\site-packages\sklearn\utils\parallel.py:144: UserWarning: `sklearn.utils.parallel.delayed` should be used with `sklearn.utils.parallel.Parallel` to make it possible to propagate the scikit-learn configuration of the current thread to the joblib workers.
  warnings.warn(
C:\Users\Mo7AmjMiro\AppData\Roaming\Python\Python314\site-packages\sklearn\utils\parallel.py:144: UserWarning: `sklearn.utils.parallel.delayed` should be used with `sklearn.utils.parallel.Parallel` to make it possible to propagate the scikit-learn configuration of the current thread to the joblib workers.
  warnings.warn(
C:\Users\Mo7AmjMiro\AppData\Roaming\Python\Python314\site-packages\sklearn\utils\parallel.py:144: UserWarning: `sklearn.utils.parallel.delayed` should be used with `sklearn.utils.parallel.Parallel` to make it possible to propagate the scikit-learn configuration of the current thread to the joblib workers.
  warnings.warn(
C:\Users\Mo7AmjMiro\AppData\Roaming\Python\Python314\site-packages\sklearn\utils\parallel.py:144: UserWarning: `sklearn.utils.parallel.delayed` should be used with `sklearn.utils.parallel.Parallel` to make it possible to propagate the scikit-learn configuration of the current thread to the joblib workers.
  warnings.warn(
C:\Users\Mo7AmjMiro\AppData\Roaming\Python\Python314\site-packages\sklearn\utils\parallel.py:144: UserWarning: `sklearn.utils.parallel.delayed` should be used with `sklearn.utils.parallel.Parallel` to make it possible to propagate the scikit-learn configuration of the current thread to the joblib workers.
  warnings.warn(
C:\Users\Mo7AmjMiro\AppData\Roaming\Python\Python314\site-packages\sklearn\utils\parallel.py:144: UserWarning: `sklearn.utils.parallel.delayed` should be used with `sklearn.utils.parallel.Parallel` to make it possible to propagate the scikit-learn configuration of the current thread to the joblib workers.
  warnings.warn(
C:\Users\Mo7AmjMiro\AppData\Roaming\Python\Python314\site-packages\sklearn\utils\parallel.py:144: UserWarning: `sklearn.utils.parallel.delayed` should be used with `sklearn.utils.parallel.Parallel` to make it possible to propagate the scikit-learn configuration of the current thread to the joblib workers.
  warnings.warn(
C:\Users\Mo7AmjMiro\AppData\Roaming\Python\Python314\site-packages\sklearn\utils\parallel.py:144: UserWarning: `sklearn.utils.parallel.delayed` should be used with `sklearn.utils.parallel.Parallel` to make it possible to propagate the scikit-learn configuration of the current thread to the joblib workers.
  warnings.warn(
C:\Users\Mo7AmjMiro\AppData\Roaming\Python\Python314\site-packages\sklearn\utils\parallel.py:144: UserWarning: `sklearn.utils.parallel.delayed` should be used with `sklearn.utils.parallel.Parallel` to make it possible to propagate the scikit-learn configuration of the current thread to the joblib workers.
  warnings.warn(
C:\Users\Mo7AmjMiro\AppData\Roaming\Python\Python314\site-packages\sklearn\utils\parallel.py:144: UserWarning: `sklearn.utils.parallel.delayed` should be used with `sklearn.utils.parallel.Parallel` to make it possible to propagate the scikit-learn configuration of the current thread to the joblib workers.
  warnings.warn(
C:\Users\Mo7AmjMiro\AppData\Roaming\Python\Python314\site-packages\sklearn\utils\parallel.py:144: UserWarning: `sklearn.utils.parallel.delayed` should be used with `sklearn.utils.parallel.Parallel` to make it possible to propagate the scikit-learn configuration of the current thread to the joblib workers.
  warnings.warn(
C:\Users\Mo7AmjMiro\AppData\Roaming\Python\Python314\site-packages\sklearn\utils\parallel.py:144: UserWarning: `sklearn.utils.parallel.delayed` should be used with `sklearn.utils.parallel.Parallel` to make it possible to propagate the scikit-learn configuration of the current thread to the joblib workers.
  warnings.warn(
C:\Users\Mo7AmjMiro\AppData\Roaming\Python\Python314\site-packages\sklearn\utils\parallel.py:144: UserWarning: `sklearn.utils.parallel.delayed` should be used with `sklearn.utils.parallel.Parallel` to make it possible to propagate the scikit-learn configuration of the current thread to the joblib workers.
  warnings.warn(
C:\Users\Mo7AmjMiro\AppData\Roaming\Python\Python314\site-packages\sklearn\utils\parallel.py:144: UserWarning: `sklearn.utils.parallel.delayed` should be used with `sklearn.utils.parallel.Parallel` to make it possible to propagate the scikit-learn configuration of the current thread to the joblib workers.
  warnings.warn(
C:\Users\Mo7AmjMiro\AppData\Roaming\Python\Python314\site-packages\sklearn\utils\parallel.py:144: UserWarning: `sklearn.utils.parallel.delayed` should be used with `sklearn.utils.parallel.Parallel` to make it possible to propagate the scikit-learn configuration of the current thread to the joblib workers.
  warnings.warn(
C:\Users\Mo7AmjMiro\AppData\Roaming\Python\Python314\site-packages\sklearn\utils\parallel.py:144: UserWarning: `sklearn.utils.parallel.delayed` should be used with `sklearn.utils.parallel.Parallel` to make it possible to propagate the scikit-learn configuration of the current thread to the joblib workers.
  warnings.warn(
C:\Users\Mo7AmjMiro\AppData\Roaming\Python\Python314\site-packages\sklearn\utils\parallel.py:144: UserWarning: `sklearn.utils.parallel.delayed` should be used with `sklearn.utils.parallel.Parallel` to make it possible to propagate the scikit-learn configuration of the current thread to the joblib workers.
  warnings.warn(
C:\Users\Mo7AmjMiro\AppData\Roaming\Python\Python314\site-packages\sklearn\utils\parallel.py:144: UserWarning: `sklearn.utils.parallel.delayed` should be used with `sklearn.utils.parallel.Parallel` to make it possible to propagate the scikit-learn configuration of the current thread to the joblib workers.
  warnings.warn(
C:\Users\Mo7AmjMiro\AppData\Roaming\Python\Python314\site-packages\sklearn\utils\parallel.py:144: UserWarning: `sklearn.utils.parallel.delayed` should be used with `sklearn.utils.parallel.Parallel` to make it possible to propagate the scikit-learn configuration of the current thread to the joblib workers.
  warnings.warn(
C:\Users\Mo7AmjMiro\AppData\Roaming\Python\Python314\site-packages\sklearn\utils\parallel.py:144: UserWarning: `sklearn.utils.parallel.delayed` should be used with `sklearn.utils.parallel.Parallel` to make it possible to propagate the scikit-learn configuration of the current thread to the joblib workers.
  warnings.warn(
C:\Users\Mo7AmjMiro\AppData\Roaming\Python\Python314\site-packages\sklearn\utils\parallel.py:144: UserWarning: `sklearn.utils.parallel.delayed` should be used with `sklearn.utils.parallel.Parallel` to make it possible to propagate the scikit-learn configuration of the current thread to the joblib workers.
  warnings.warn(
C:\Users\Mo7AmjMiro\AppData\Roaming\Python\Python314\site-packages\sklearn\utils\parallel.py:144: UserWarning: `sklearn.utils.parallel.delayed` should be used with `sklearn.utils.parallel.Parallel` to make it possible to propagate the scikit-learn configuration of the current thread to the joblib workers.
  warnings.warn(
C:\Users\Mo7AmjMiro\AppData\Roaming\Python\Python314\site-packages\sklearn\utils\parallel.py:144: UserWarning: `sklearn.utils.parallel.delayed` should be used with `sklearn.utils.parallel.Parallel` to make it possible to propagate the scikit-learn configuration of the current thread to the joblib workers.
  warnings.warn(
C:\Users\Mo7AmjMiro\AppData\Roaming\Python\Python314\site-packages\sklearn\utils\parallel.py:144: UserWarning: `sklearn.utils.parallel.delayed` should be used with `sklearn.utils.parallel.Parallel` to make it possible to propagate the scikit-learn configuration of the current thread to the joblib workers.
  warnings.warn(
C:\Users\Mo7AmjMiro\AppData\Roaming\Python\Python314\site-packages\sklearn\utils\parallel.py:144: UserWarning: `sklearn.utils.parallel.delayed` should be used with `sklearn.utils.parallel.Parallel` to make it possible to propagate the scikit-learn configuration of the current thread to the joblib workers.
  warnings.warn(
C:\Users\Mo7AmjMiro\AppData\Roaming\Python\Python314\site-packages\sklearn\utils\parallel.py:144: UserWarning: `sklearn.utils.parallel.delayed` should be used with `sklearn.utils.parallel.Parallel` to make it possible to propagate the scikit-learn configuration of the current thread to the joblib workers.
  warnings.warn(
C:\Users\Mo7AmjMiro\AppData\Roaming\Python\Python314\site-packages\sklearn\utils\parallel.py:144: UserWarning: `sklearn.utils.parallel.delayed` should be used with `sklearn.utils.parallel.Parallel` to make it possible to propagate the scikit-learn configuration of the current thread to the joblib workers.
  warnings.warn(
C:\Users\Mo7AmjMiro\AppData\Roaming\Python\Python314\site-packages\sklearn\utils\parallel.py:144: UserWarning: `sklearn.utils.parallel.delayed` should be used with `sklearn.utils.parallel.Parallel` to make it possible to propagate the scikit-learn configuration of the current thread to the joblib workers.
  warnings.warn(
C:\Users\Mo7AmjMiro\AppData\Roaming\Python\Python314\site-packages\sklearn\utils\parallel.py:144: UserWarning: `sklearn.utils.parallel.delayed` should be used with `sklearn.utils.parallel.Parallel` to make it possible to propagate the scikit-learn configuration of the current thread to the joblib workers.
  warnings.warn(
C:\Users\Mo7AmjMiro\AppData\Roaming\Python\Python314\site-packages\sklearn\utils\parallel.py:144: UserWarning: `sklearn.utils.parallel.delayed` should be used with `sklearn.utils.parallel.Parallel` to make it possible to propagate the scikit-learn configuration of the current thread to the joblib workers.
  warnings.warn(
C:\Users\Mo7AmjMiro\AppData\Roaming\Python\Python314\site-packages\sklearn\utils\parallel.py:144: UserWarning: `sklearn.utils.parallel.delayed` should be used with `sklearn.utils.parallel.Parallel` to make it possible to propagate the scikit-learn configuration of the current thread to the joblib workers.
  warnings.warn(
C:\Users\Mo7AmjMiro\AppData\Roaming\Python\Python314\site-packages\sklearn\utils\parallel.py:144: UserWarning: `sklearn.utils.parallel.delayed` should be used with `sklearn.utils.parallel.Parallel` to make it possible to propagate the scikit-learn configuration of the current thread to the joblib workers.
  warnings.warn(
C:\Users\Mo7AmjMiro\AppData\Roaming\Python\Python314\site-packages\sklearn\utils\parallel.py:144: UserWarning: `sklearn.utils.parallel.delayed` should be used with `sklearn.utils.parallel.Parallel` to make it possible to propagate the scikit-learn configuration of the current thread to the joblib workers.
  warnings.warn(
C:\Users\Mo7AmjMiro\AppData\Roaming\Python\Python314\site-packages\sklearn\utils\parallel.py:144: UserWarning: `sklearn.utils.parallel.delayed` should be used with `sklearn.utils.parallel.Parallel` to make it possible to propagate the scikit-learn configuration of the current thread to the joblib workers.
  warnings.warn(
C:\Users\Mo7AmjMiro\AppData\Roaming\Python\Python314\site-packages\sklearn\utils\parallel.py:144: UserWarning: `sklearn.utils.parallel.delayed` should be used with `sklearn.utils.parallel.Parallel` to make it possible to propagate the scikit-learn configuration of the current thread to the joblib workers.
  warnings.warn(
C:\Users\Mo7AmjMiro\AppData\Roaming\Python\Python314\site-packages\sklearn\utils\parallel.py:144: UserWarning: `sklearn.utils.parallel.delayed` should be used with `sklearn.utils.parallel.Parallel` to make it possible to propagate the scikit-learn configuration of the current thread to the joblib workers.
  warnings.warn(
C:\Users\Mo7AmjMiro\AppData\Roaming\Python\Python314\site-packages\sklearn\utils\parallel.py:144: UserWarning: `sklearn.utils.parallel.delayed` should be used with `sklearn.utils.parallel.Parallel` to make it possible to propagate the scikit-learn configuration of the current thread to the joblib workers.
  warnings.warn(
C:\Users\Mo7AmjMiro\AppData\Roaming\Python\Python314\site-packages\sklearn\utils\parallel.py:144: UserWarning: `sklearn.utils.parallel.delayed` should be used with `sklearn.utils.parallel.Parallel` to make it possible to propagate the scikit-learn configuration of the current thread to the joblib workers.
  warnings.warn(
C:\Users\Mo7AmjMiro\AppData\Roaming\Python\Python314\site-packages\sklearn\utils\parallel.py:144: UserWarning: `sklearn.utils.parallel.delayed` should be used with `sklearn.utils.parallel.Parallel` to make it possible to propagate the scikit-learn configuration of the current thread to the joblib workers.
  warnings.warn(
C:\Users\Mo7AmjMiro\AppData\Roaming\Python\Python314\site-packages\sklearn\utils\parallel.py:144: UserWarning: `sklearn.utils.parallel.delayed` should be used with `sklearn.utils.parallel.Parallel` to make it possible to propagate the scikit-learn configuration of the current thread to the joblib workers.
  warnings.warn(
C:\Users\Mo7AmjMiro\AppData\Roaming\Python\Python314\site-packages\sklearn\utils\parallel.py:144: UserWarning: `sklearn.utils.parallel.delayed` should be used with `sklearn.utils.parallel.Parallel` to make it possible to propagate the scikit-learn configuration of the current thread to the joblib workers.
  warnings.warn(
C:\Users\Mo7AmjMiro\AppData\Roaming\Python\Python314\site-packages\sklearn\utils\parallel.py:144: UserWarning: `sklearn.utils.parallel.delayed` should be used with `sklearn.utils.parallel.Parallel` to make it possible to propagate the scikit-learn configuration of the current thread to the joblib workers.
  warnings.warn(
C:\Users\Mo7AmjMiro\AppData\Roaming\Python\Python314\site-packages\sklearn\utils\parallel.py:144: UserWarning: `sklearn.utils.parallel.delayed` should be used with `sklearn.utils.parallel.Parallel` to make it possible to propagate the scikit-learn configuration of the current thread to the joblib workers.
  warnings.warn(
C:\Users\Mo7AmjMiro\AppData\Roaming\Python\Python314\site-packages\sklearn\utils\parallel.py:144: UserWarning: `sklearn.utils.parallel.delayed` should be used with `sklearn.utils.parallel.Parallel` to make it possible to propagate the scikit-learn configuration of the current thread to the joblib workers.
  warnings.warn(
C:\Users\Mo7AmjMiro\AppData\Roaming\Python\Python314\site-packages\sklearn\utils\parallel.py:144: UserWarning: `sklearn.utils.parallel.delayed` should be used with `sklearn.utils.parallel.Parallel` to make it possible to propagate the scikit-learn configuration of the current thread to the joblib workers.
  warnings.warn(
C:\Users\Mo7AmjMiro\AppData\Roaming\Python\Python314\site-packages\sklearn\utils\parallel.py:144: UserWarning: `sklearn.utils.parallel.delayed` should be used with `sklearn.utils.parallel.Parallel` to make it possible to propagate the scikit-learn configuration of the current thread to the joblib workers.
  warnings.warn(
C:\Users\Mo7AmjMiro\AppData\Roaming\Python\Python314\site-packages\sklearn\utils\parallel.py:144: UserWarning: `sklearn.utils.parallel.delayed` should be used with `sklearn.utils.parallel.Parallel` to make it possible to propagate the scikit-learn configuration of the current thread to the joblib workers.
  warnings.warn(
C:\Users\Mo7AmjMiro\AppData\Roaming\Python\Python314\site-packages\sklearn\utils\parallel.py:144: UserWarning: `sklearn.utils.parallel.delayed` should be used with `sklearn.utils.parallel.Parallel` to make it possible to propagate the scikit-learn configuration of the current thread to the joblib workers.
  warnings.warn(
C:\Users\Mo7AmjMiro\AppData\Roaming\Python\Python314\site-packages\sklearn\utils\parallel.py:144: UserWarning: `sklearn.utils.parallel.delayed` should be used with `sklearn.utils.parallel.Parallel` to make it possible to propagate the scikit-learn configuration of the current thread to the joblib workers.
  warnings.warn(
C:\Users\Mo7AmjMiro\AppData\Roaming\Python\Python314\site-packages\sklearn\utils\parallel.py:144: UserWarning: `sklearn.utils.parallel.delayed` should be used with `sklearn.utils.parallel.Parallel` to make it possible to propagate the scikit-learn configuration of the current thread to the joblib workers.
  warnings.warn(
C:\Users\Mo7AmjMiro\AppData\Roaming\Python\Python314\site-packages\sklearn\utils\parallel.py:144: UserWarning: `sklearn.utils.parallel.delayed` should be used with `sklearn.utils.parallel.Parallel` to make it possible to propagate the scikit-learn configuration of the current thread to the joblib workers.
  warnings.warn(
C:\Users\Mo7AmjMiro\AppData\Roaming\Python\Python314\site-packages\sklearn\utils\parallel.py:144: UserWarning: `sklearn.utils.parallel.delayed` should be used with `sklearn.utils.parallel.Parallel` to make it possible to propagate the scikit-learn configuration of the current thread to the joblib workers.
  warnings.warn(
C:\Users\Mo7AmjMiro\AppData\Roaming\Python\Python314\site-packages\sklearn\utils\parallel.py:144: UserWarning: `sklearn.utils.parallel.delayed` should be used with `sklearn.utils.parallel.Parallel` to make it possible to propagate the scikit-learn configuration of the current thread to the joblib workers.
  warnings.warn(
C:\Users\Mo7AmjMiro\AppData\Roaming\Python\Python314\site-packages\sklearn\utils\parallel.py:144: UserWarning: `sklearn.utils.parallel.delayed` should be used with `sklearn.utils.parallel.Parallel` to make it possible to propagate the scikit-learn configuration of the current thread to the joblib workers.
  warnings.warn(
C:\Users\Mo7AmjMiro\AppData\Roaming\Python\Python314\site-packages\sklearn\utils\parallel.py:144: UserWarning: `sklearn.utils.parallel.delayed` should be used with `sklearn.utils.parallel.Parallel` to make it possible to propagate the scikit-learn configuration of the current thread to the joblib workers.
  warnings.warn(
C:\Users\Mo7AmjMiro\AppData\Roaming\Python\Python314\site-packages\sklearn\utils\parallel.py:144: UserWarning: `sklearn.utils.parallel.delayed` should be used with `sklearn.utils.parallel.Parallel` to make it possible to propagate the scikit-learn configuration of the current thread to the joblib workers.
  warnings.warn(
C:\Users\Mo7AmjMiro\AppData\Roaming\Python\Python314\site-packages\sklearn\utils\parallel.py:144: UserWarning: `sklearn.utils.parallel.delayed` should be used with `sklearn.utils.parallel.Parallel` to make it possible to propagate the scikit-learn configuration of the current thread to the joblib workers.
  warnings.warn(
C:\Users\Mo7AmjMiro\AppData\Roaming\Python\Python314\site-packages\sklearn\utils\parallel.py:144: UserWarning: `sklearn.utils.parallel.delayed` should be used with `sklearn.utils.parallel.Parallel` to make it possible to propagate the scikit-learn configuration of the current thread to the joblib workers.
  warnings.warn(
C:\Users\Mo7AmjMiro\AppData\Roaming\Python\Python314\site-packages\sklearn\utils\parallel.py:144: UserWarning: `sklearn.utils.parallel.delayed` should be used with `sklearn.utils.parallel.Parallel` to make it possible to propagate the scikit-learn configuration of the current thread to the joblib workers.
  warnings.warn(
C:\Users\Mo7AmjMiro\AppData\Roaming\Python\Python314\site-packages\sklearn\utils\parallel.py:144: UserWarning: `sklearn.utils.parallel.delayed` should be used with `sklearn.utils.parallel.Parallel` to make it possible to propagate the scikit-learn configuration of the current thread to the joblib workers.
  warnings.warn(
C:\Users\Mo7AmjMiro\AppData\Roaming\Python\Python314\site-packages\sklearn\utils\parallel.py:144: UserWarning: `sklearn.utils.parallel.delayed` should be used with `sklearn.utils.parallel.Parallel` to make it possible to propagate the scikit-learn configuration of the current thread to the joblib workers.
  warnings.warn(
C:\Users\Mo7AmjMiro\AppData\Roaming\Python\Python314\site-packages\sklearn\utils\parallel.py:144: UserWarning: `sklearn.utils.parallel.delayed` should be used with `sklearn.utils.parallel.Parallel` to make it possible to propagate the scikit-learn configuration of the current thread to the joblib workers.
  warnings.warn(
C:\Users\Mo7AmjMiro\AppData\Roaming\Python\Python314\site-packages\sklearn\utils\parallel.py:144: UserWarning: `sklearn.utils.parallel.delayed` should be used with `sklearn.utils.parallel.Parallel` to make it possible to propagate the scikit-learn configuration of the current thread to the joblib workers.
  warnings.warn(
C:\Users\Mo7AmjMiro\AppData\Roaming\Python\Python314\site-packages\sklearn\utils\parallel.py:144: UserWarning: `sklearn.utils.parallel.delayed` should be used with `sklearn.utils.parallel.Parallel` to make it possible to propagate the scikit-learn configuration of the current thread to the joblib workers.
  warnings.warn(
C:\Users\Mo7AmjMiro\AppData\Roaming\Python\Python314\site-packages\sklearn\utils\parallel.py:144: UserWarning: `sklearn.utils.parallel.delayed` should be used with `sklearn.utils.parallel.Parallel` to make it possible to propagate the scikit-learn configuration of the current thread to the joblib workers.
  warnings.warn(
C:\Users\Mo7AmjMiro\AppData\Roaming\Python\Python314\site-packages\sklearn\utils\parallel.py:144: UserWarning: `sklearn.utils.parallel.delayed` should be used with `sklearn.utils.parallel.Parallel` to make it possible to propagate the scikit-learn configuration of the current thread to the joblib workers.
  warnings.warn(
C:\Users\Mo7AmjMiro\AppData\Roaming\Python\Python314\site-packages\sklearn\utils\parallel.py:144: UserWarning: `sklearn.utils.parallel.delayed` should be used with `sklearn.utils.parallel.Parallel` to make it possible to propagate the scikit-learn configuration of the current thread to the joblib workers.
  warnings.warn(
C:\Users\Mo7AmjMiro\AppData\Roaming\Python\Python314\site-packages\sklearn\utils\parallel.py:144: UserWarning: `sklearn.utils.parallel.delayed` should be used with `sklearn.utils.parallel.Parallel` to make it possible to propagate the scikit-learn configuration of the current thread to the joblib workers.
  warnings.warn(
C:\Users\Mo7AmjMiro\AppData\Roaming\Python\Python314\site-packages\sklearn\utils\parallel.py:144: UserWarning: `sklearn.utils.parallel.delayed` should be used with `sklearn.utils.parallel.Parallel` to make it possible to propagate the scikit-learn configuration of the current thread to the joblib workers.
  warnings.warn(
C:\Users\Mo7AmjMiro\AppData\Roaming\Python\Python314\site-packages\sklearn\utils\parallel.py:144: UserWarning: `sklearn.utils.parallel.delayed` should be used with `sklearn.utils.parallel.Parallel` to make it possible to propagate the scikit-learn configuration of the current thread to the joblib workers.
  warnings.warn(
C:\Users\Mo7AmjMiro\AppData\Roaming\Python\Python314\site-packages\sklearn\utils\parallel.py:144: UserWarning: `sklearn.utils.parallel.delayed` should be used with `sklearn.utils.parallel.Parallel` to make it possible to propagate the scikit-learn configuration of the current thread to the joblib workers.
  warnings.warn(
C:\Users\Mo7AmjMiro\AppData\Roaming\Python\Python314\site-packages\sklearn\utils\parallel.py:144: UserWarning: `sklearn.utils.parallel.delayed` should be used with `sklearn.utils.parallel.Parallel` to make it possible to propagate the scikit-learn configuration of the current thread to the joblib workers.
  warnings.warn(
C:\Users\Mo7AmjMiro\AppData\Roaming\Python\Python314\site-packages\sklearn\utils\parallel.py:144: UserWarning: `sklearn.utils.parallel.delayed` should be used with `sklearn.utils.parallel.Parallel` to make it possible to propagate the scikit-learn configuration of the current thread to the joblib workers.
  warnings.warn(
C:\Users\Mo7AmjMiro\AppData\Roaming\Python\Python314\site-packages\sklearn\utils\parallel.py:144: UserWarning: `sklearn.utils.parallel.delayed` should be used with `sklearn.utils.parallel.Parallel` to make it possible to propagate the scikit-learn configuration of the current thread to the joblib workers.
  warnings.warn(
C:\Users\Mo7AmjMiro\AppData\Roaming\Python\Python314\site-packages\sklearn\utils\parallel.py:144: UserWarning: `sklearn.utils.parallel.delayed` should be used with `sklearn.utils.parallel.Parallel` to make it possible to propagate the scikit-learn configuration of the current thread to the joblib workers.
  warnings.warn(
C:\Users\Mo7AmjMiro\AppData\Roaming\Python\Python314\site-packages\sklearn\utils\parallel.py:144: UserWarning: `sklearn.utils.parallel.delayed` should be used with `sklearn.utils.parallel.Parallel` to make it possible to propagate the scikit-learn configuration of the current thread to the joblib workers.
  warnings.warn(
C:\Users\Mo7AmjMiro\AppData\Roaming\Python\Python314\site-packages\sklearn\utils\parallel.py:144: UserWarning: `sklearn.utils.parallel.delayed` should be used with `sklearn.utils.parallel.Parallel` to make it possible to propagate the scikit-learn configuration of the current thread to the joblib workers.
  warnings.warn(
C:\Users\Mo7AmjMiro\AppData\Roaming\Python\Python314\site-packages\sklearn\utils\parallel.py:144: UserWarning: `sklearn.utils.parallel.delayed` should be used with `sklearn.utils.parallel.Parallel` to make it possible to propagate the scikit-learn configuration of the current thread to the joblib workers.
  warnings.warn(
C:\Users\Mo7AmjMiro\AppData\Roaming\Python\Python314\site-packages\sklearn\utils\parallel.py:144: UserWarning: `sklearn.utils.parallel.delayed` should be used with `sklearn.utils.parallel.Parallel` to make it possible to propagate the scikit-learn configuration of the current thread to the joblib workers.
  warnings.warn(
C:\Users\Mo7AmjMiro\AppData\Roaming\Python\Python314\site-packages\sklearn\utils\parallel.py:144: UserWarning: `sklearn.utils.parallel.delayed` should be used with `sklearn.utils.parallel.Parallel` to make it possible to propagate the scikit-learn configuration of the current thread to the joblib workers.
  warnings.warn(
C:\Users\Mo7AmjMiro\AppData\Roaming\Python\Python314\site-packages\sklearn\utils\parallel.py:144: UserWarning: `sklearn.utils.parallel.delayed` should be used with `sklearn.utils.parallel.Parallel` to make it possible to propagate the scikit-learn configuration of the current thread to the joblib workers.
  warnings.warn(
C:\Users\Mo7AmjMiro\AppData\Roaming\Python\Python314\site-packages\sklearn\utils\parallel.py:144: UserWarning: `sklearn.utils.parallel.delayed` should be used with `sklearn.utils.parallel.Parallel` to make it possible to propagate the scikit-learn configuration of the current thread to the joblib workers.
  warnings.warn(
C:\Users\Mo7AmjMiro\AppData\Roaming\Python\Python314\site-packages\sklearn\utils\parallel.py:144: UserWarning: `sklearn.utils.parallel.delayed` should be used with `sklearn.utils.parallel.Parallel` to make it possible to propagate the scikit-learn configuration of the current thread to the joblib workers.
  warnings.warn(
C:\Users\Mo7AmjMiro\AppData\Roaming\Python\Python314\site-packages\sklearn\utils\parallel.py:144: UserWarning: `sklearn.utils.parallel.delayed` should be used with `sklearn.utils.parallel.Parallel` to make it possible to propagate the scikit-learn configuration of the current thread to the joblib workers.
  warnings.warn(
C:\Users\Mo7AmjMiro\AppData\Roaming\Python\Python314\site-packages\sklearn\utils\parallel.py:144: UserWarning: `sklearn.utils.parallel.delayed` should be used with `sklearn.utils.parallel.Parallel` to make it possible to propagate the scikit-learn configuration of the current thread to the joblib workers.
  warnings.warn(
C:\Users\Mo7AmjMiro\AppData\Roaming\Python\Python314\site-packages\sklearn\utils\parallel.py:144: UserWarning: `sklearn.utils.parallel.delayed` should be used with `sklearn.utils.parallel.Parallel` to make it possible to propagate the scikit-learn configuration of the current thread to the joblib workers.
  warnings.warn(
C:\Users\Mo7AmjMiro\AppData\Roaming\Python\Python314\site-packages\sklearn\utils\parallel.py:144: UserWarning: `sklearn.utils.parallel.delayed` should be used with `sklearn.utils.parallel.Parallel` to make it possible to propagate the scikit-learn configuration of the current thread to the joblib workers.
  warnings.warn(
C:\Users\Mo7AmjMiro\AppData\Roaming\Python\Python314\site-packages\sklearn\utils\parallel.py:144: UserWarning: `sklearn.utils.parallel.delayed` should be used with `sklearn.utils.parallel.Parallel` to make it possible to propagate the scikit-learn configuration of the current thread to the joblib workers.
  warnings.warn(
C:\Users\Mo7AmjMiro\AppData\Roaming\Python\Python314\site-packages\sklearn\utils\parallel.py:144: UserWarning: `sklearn.utils.parallel.delayed` should be used with `sklearn.utils.parallel.Parallel` to make it possible to propagate the scikit-learn configuration of the current thread to the joblib workers.
  warnings.warn(
C:\Users\Mo7AmjMiro\AppData\Roaming\Python\Python314\site-packages\sklearn\utils\parallel.py:144: UserWarning: `sklearn.utils.parallel.delayed` should be used with `sklearn.utils.parallel.Parallel` to make it possible to propagate the scikit-learn configuration of the current thread to the joblib workers.
  warnings.warn(
C:\Users\Mo7AmjMiro\AppData\Roaming\Python\Python314\site-packages\sklearn\utils\parallel.py:144: UserWarning: `sklearn.utils.parallel.delayed` should be used with `sklearn.utils.parallel.Parallel` to make it possible to propagate the scikit-learn configuration of the current thread to the joblib workers.
  warnings.warn(
C:\Users\Mo7AmjMiro\AppData\Roaming\Python\Python314\site-packages\sklearn\utils\parallel.py:144: UserWarning: `sklearn.utils.parallel.delayed` should be used with `sklearn.utils.parallel.Parallel` to make it possible to propagate the scikit-learn configuration of the current thread to the joblib workers.
  warnings.warn(
C:\Users\Mo7AmjMiro\AppData\Roaming\Python\Python314\site-packages\sklearn\utils\parallel.py:144: UserWarning: `sklearn.utils.parallel.delayed` should be used with `sklearn.utils.parallel.Parallel` to make it possible to propagate the scikit-learn configuration of the current thread to the joblib workers.
  warnings.warn(
C:\Users\Mo7AmjMiro\AppData\Roaming\Python\Python314\site-packages\sklearn\utils\parallel.py:144: UserWarning: `sklearn.utils.parallel.delayed` should be used with `sklearn.utils.parallel.Parallel` to make it possible to propagate the scikit-learn configuration of the current thread to the joblib workers.
  warnings.warn(
C:\Users\Mo7AmjMiro\AppData\Roaming\Python\Python314\site-packages\sklearn\utils\parallel.py:144: UserWarning: `sklearn.utils.parallel.delayed` should be used with `sklearn.utils.parallel.Parallel` to make it possible to propagate the scikit-learn configuration of the current thread to the joblib workers.
  warnings.warn(
C:\Users\Mo7AmjMiro\AppData\Roaming\Python\Python314\site-packages\sklearn\utils\parallel.py:144: UserWarning: `sklearn.utils.parallel.delayed` should be used with `sklearn.utils.parallel.Parallel` to make it possible to propagate the scikit-learn configuration of the current thread to the joblib workers.
  warnings.warn(
C:\Users\Mo7AmjMiro\AppData\Roaming\Python\Python314\site-packages\sklearn\utils\parallel.py:144: UserWarning: `sklearn.utils.parallel.delayed` should be used with `sklearn.utils.parallel.Parallel` to make it possible to propagate the scikit-learn configuration of the current thread to the joblib workers.
  warnings.warn(
C:\Users\Mo7AmjMiro\AppData\Roaming\Python\Python314\site-packages\sklearn\utils\parallel.py:144: UserWarning: `sklearn.utils.parallel.delayed` should be used with `sklearn.utils.parallel.Parallel` to make it possible to propagate the scikit-learn configuration of the current thread to the joblib workers.
  warnings.warn(
C:\Users\Mo7AmjMiro\AppData\Roaming\Python\Python314\site-packages\sklearn\utils\parallel.py:144: UserWarning: `sklearn.utils.parallel.delayed` should be used with `sklearn.utils.parallel.Parallel` to make it possible to propagate the scikit-learn configuration of the current thread to the joblib workers.
  warnings.warn(
C:\Users\Mo7AmjMiro\AppData\Roaming\Python\Python314\site-packages\sklearn\utils\parallel.py:144: UserWarning: `sklearn.utils.parallel.delayed` should be used with `sklearn.utils.parallel.Parallel` to make it possible to propagate the scikit-learn configuration of the current thread to the joblib workers.
  warnings.warn(
C:\Users\Mo7AmjMiro\AppData\Roaming\Python\Python314\site-packages\sklearn\utils\parallel.py:144: UserWarning: `sklearn.utils.parallel.delayed` should be used with `sklearn.utils.parallel.Parallel` to make it possible to propagate the scikit-learn configuration of the current thread to the joblib workers.
  warnings.warn(
C:\Users\Mo7AmjMiro\AppData\Roaming\Python\Python314\site-packages\sklearn\utils\parallel.py:144: UserWarning: `sklearn.utils.parallel.delayed` should be used with `sklearn.utils.parallel.Parallel` to make it possible to propagate the scikit-learn configuration of the current thread to the joblib workers.
  warnings.warn(
C:\Users\Mo7AmjMiro\AppData\Roaming\Python\Python314\site-packages\sklearn\utils\parallel.py:144: UserWarning: `sklearn.utils.parallel.delayed` should be used with `sklearn.utils.parallel.Parallel` to make it possible to propagate the scikit-learn configuration of the current thread to the joblib workers.
  warnings.warn(
C:\Users\Mo7AmjMiro\AppData\Roaming\Python\Python314\site-packages\sklearn\utils\parallel.py:144: UserWarning: `sklearn.utils.parallel.delayed` should be used with `sklearn.utils.parallel.Parallel` to make it possible to propagate the scikit-learn configuration of the current thread to the joblib workers.
  warnings.warn(
C:\Users\Mo7AmjMiro\AppData\Roaming\Python\Python314\site-packages\sklearn\utils\parallel.py:144: UserWarning: `sklearn.utils.parallel.delayed` should be used with `sklearn.utils.parallel.Parallel` to make it possible to propagate the scikit-learn configuration of the current thread to the joblib workers.
  warnings.warn(
C:\Users\Mo7AmjMiro\AppData\Roaming\Python\Python314\site-packages\sklearn\utils\parallel.py:144: UserWarning: `sklearn.utils.parallel.delayed` should be used with `sklearn.utils.parallel.Parallel` to make it possible to propagate the scikit-learn configuration of the current thread to the joblib workers.
  warnings.warn(
C:\Users\Mo7AmjMiro\AppData\Roaming\Python\Python314\site-packages\sklearn\utils\parallel.py:144: UserWarning: `sklearn.utils.parallel.delayed` should be used with `sklearn.utils.parallel.Parallel` to make it possible to propagate the scikit-learn configuration of the current thread to the joblib workers.
  warnings.warn(
C:\Users\Mo7AmjMiro\AppData\Roaming\Python\Python314\site-packages\sklearn\utils\parallel.py:144: UserWarning: `sklearn.utils.parallel.delayed` should be used with `sklearn.utils.parallel.Parallel` to make it possible to propagate the scikit-learn configuration of the current thread to the joblib workers.
  warnings.warn(
C:\Users\Mo7AmjMiro\AppData\Roaming\Python\Python314\site-packages\sklearn\utils\parallel.py:144: UserWarning: `sklearn.utils.parallel.delayed` should be used with `sklearn.utils.parallel.Parallel` to make it possible to propagate the scikit-learn configuration of the current thread to the joblib workers.
  warnings.warn(
C:\Users\Mo7AmjMiro\AppData\Roaming\Python\Python314\site-packages\sklearn\utils\parallel.py:144: UserWarning: `sklearn.utils.parallel.delayed` should be used with `sklearn.utils.parallel.Parallel` to make it possible to propagate the scikit-learn configuration of the current thread to the joblib workers.
  warnings.warn(
C:\Users\Mo7AmjMiro\AppData\Roaming\Python\Python314\site-packages\sklearn\utils\parallel.py:144: UserWarning: `sklearn.utils.parallel.delayed` should be used with `sklearn.utils.parallel.Parallel` to make it possible to propagate the scikit-learn configuration of the current thread to the joblib workers.
  warnings.warn(
C:\Users\Mo7AmjMiro\AppData\Roaming\Python\Python314\site-packages\sklearn\utils\parallel.py:144: UserWarning: `sklearn.utils.parallel.delayed` should be used with `sklearn.utils.parallel.Parallel` to make it possible to propagate the scikit-learn configuration of the current thread to the joblib workers.
  warnings.warn(
C:\Users\Mo7AmjMiro\AppData\Roaming\Python\Python314\site-packages\sklearn\utils\parallel.py:144: UserWarning: `sklearn.utils.parallel.delayed` should be used with `sklearn.utils.parallel.Parallel` to make it possible to propagate the scikit-learn configuration of the current thread to the joblib workers.
  warnings.warn(
C:\Users\Mo7AmjMiro\AppData\Roaming\Python\Python314\site-packages\sklearn\utils\parallel.py:144: UserWarning: `sklearn.utils.parallel.delayed` should be used with `sklearn.utils.parallel.Parallel` to make it possible to propagate the scikit-learn configuration of the current thread to the joblib workers.
  warnings.warn(
C:\Users\Mo7AmjMiro\AppData\Roaming\Python\Python314\site-packages\sklearn\utils\parallel.py:144: UserWarning: `sklearn.utils.parallel.delayed` should be used with `sklearn.utils.parallel.Parallel` to make it possible to propagate the scikit-learn configuration of the current thread to the joblib workers.
  warnings.warn(
C:\Users\Mo7AmjMiro\AppData\Roaming\Python\Python314\site-packages\sklearn\utils\parallel.py:144: UserWarning: `sklearn.utils.parallel.delayed` should be used with `sklearn.utils.parallel.Parallel` to make it possible to propagate the scikit-learn configuration of the current thread to the joblib workers.
  warnings.warn(
C:\Users\Mo7AmjMiro\AppData\Roaming\Python\Python314\site-packages\sklearn\utils\parallel.py:144: UserWarning: `sklearn.utils.parallel.delayed` should be used with `sklearn.utils.parallel.Parallel` to make it possible to propagate the scikit-learn configuration of the current thread to the joblib workers.
  warnings.warn(
C:\Users\Mo7AmjMiro\AppData\Roaming\Python\Python314\site-packages\sklearn\utils\parallel.py:144: UserWarning: `sklearn.utils.parallel.delayed` should be used with `sklearn.utils.parallel.Parallel` to make it possible to propagate the scikit-learn configuration of the current thread to the joblib workers.
  warnings.warn(
C:\Users\Mo7AmjMiro\AppData\Roaming\Python\Python314\site-packages\sklearn\utils\parallel.py:144: UserWarning: `sklearn.utils.parallel.delayed` should be used with `sklearn.utils.parallel.Parallel` to make it possible to propagate the scikit-learn configuration of the current thread to the joblib workers.
  warnings.warn(
C:\Users\Mo7AmjMiro\AppData\Roaming\Python\Python314\site-packages\sklearn\utils\parallel.py:144: UserWarning: `sklearn.utils.parallel.delayed` should be used with `sklearn.utils.parallel.Parallel` to make it possible to propagate the scikit-learn configuration of the current thread to the joblib workers.
  warnings.warn(
C:\Users\Mo7AmjMiro\AppData\Roaming\Python\Python314\site-packages\sklearn\utils\parallel.py:144: UserWarning: `sklearn.utils.parallel.delayed` should be used with `sklearn.utils.parallel.Parallel` to make it possible to propagate the scikit-learn configuration of the current thread to the joblib workers.
  warnings.warn(
C:\Users\Mo7AmjMiro\AppData\Roaming\Python\Python314\site-packages\sklearn\utils\parallel.py:144: UserWarning: `sklearn.utils.parallel.delayed` should be used with `sklearn.utils.parallel.Parallel` to make it possible to propagate the scikit-learn configuration of the current thread to the joblib workers.
  warnings.warn(
C:\Users\Mo7AmjMiro\AppData\Roaming\Python\Python314\site-packages\sklearn\utils\parallel.py:144: UserWarning: `sklearn.utils.parallel.delayed` should be used with `sklearn.utils.parallel.Parallel` to make it possible to propagate the scikit-learn configuration of the current thread to the joblib workers.
  warnings.warn(
C:\Users\Mo7AmjMiro\AppData\Roaming\Python\Python314\site-packages\sklearn\utils\parallel.py:144: UserWarning: `sklearn.utils.parallel.delayed` should be used with `sklearn.utils.parallel.Parallel` to make it possible to propagate the scikit-learn configuration of the current thread to the joblib workers.
  warnings.warn(
C:\Users\Mo7AmjMiro\AppData\Roaming\Python\Python314\site-packages\sklearn\utils\parallel.py:144: UserWarning: `sklearn.utils.parallel.delayed` should be used with `sklearn.utils.parallel.Parallel` to make it possible to propagate the scikit-learn configuration of the current thread to the joblib workers.
  warnings.warn(
C:\Users\Mo7AmjMiro\AppData\Roaming\Python\Python314\site-packages\sklearn\utils\parallel.py:144: UserWarning: `sklearn.utils.parallel.delayed` should be used with `sklearn.utils.parallel.Parallel` to make it possible to propagate the scikit-learn configuration of the current thread to the joblib workers.
  warnings.warn(
C:\Users\Mo7AmjMiro\AppData\Roaming\Python\Python314\site-packages\sklearn\utils\parallel.py:144: UserWarning: `sklearn.utils.parallel.delayed` should be used with `sklearn.utils.parallel.Parallel` to make it possible to propagate the scikit-learn configuration of the current thread to the joblib workers.
  warnings.warn(
C:\Users\Mo7AmjMiro\AppData\Roaming\Python\Python314\site-packages\sklearn\utils\parallel.py:144: UserWarning: `sklearn.utils.parallel.delayed` should be used with `sklearn.utils.parallel.Parallel` to make it possible to propagate the scikit-learn configuration of the current thread to the joblib workers.
  warnings.warn(
C:\Users\Mo7AmjMiro\AppData\Roaming\Python\Python314\site-packages\sklearn\utils\parallel.py:144: UserWarning: `sklearn.utils.parallel.delayed` should be used with `sklearn.utils.parallel.Parallel` to make it possible to propagate the scikit-learn configuration of the current thread to the joblib workers.
  warnings.warn(
C:\Users\Mo7AmjMiro\AppData\Roaming\Python\Python314\site-packages\sklearn\utils\parallel.py:144: UserWarning: `sklearn.utils.parallel.delayed` should be used with `sklearn.utils.parallel.Parallel` to make it possible to propagate the scikit-learn configuration of the current thread to the joblib workers.
  warnings.warn(
C:\Users\Mo7AmjMiro\AppData\Roaming\Python\Python314\site-packages\sklearn\utils\parallel.py:144: UserWarning: `sklearn.utils.parallel.delayed` should be used with `sklearn.utils.parallel.Parallel` to make it possible to propagate the scikit-learn configuration of the current thread to the joblib workers.
  warnings.warn(
C:\Users\Mo7AmjMiro\AppData\Roaming\Python\Python314\site-packages\sklearn\utils\parallel.py:144: UserWarning: `sklearn.utils.parallel.delayed` should be used with `sklearn.utils.parallel.Parallel` to make it possible to propagate the scikit-learn configuration of the current thread to the joblib workers.
  warnings.warn(
C:\Users\Mo7AmjMiro\AppData\Roaming\Python\Python314\site-packages\sklearn\utils\parallel.py:144: UserWarning: `sklearn.utils.parallel.delayed` should be used with `sklearn.utils.parallel.Parallel` to make it possible to propagate the scikit-learn configuration of the current thread to the joblib workers.
  warnings.warn(
C:\Users\Mo7AmjMiro\AppData\Roaming\Python\Python314\site-packages\sklearn\utils\parallel.py:144: UserWarning: `sklearn.utils.parallel.delayed` should be used with `sklearn.utils.parallel.Parallel` to make it possible to propagate the scikit-learn configuration of the current thread to the joblib workers.
  warnings.warn(
C:\Users\Mo7AmjMiro\AppData\Roaming\Python\Python314\site-packages\sklearn\utils\parallel.py:144: UserWarning: `sklearn.utils.parallel.delayed` should be used with `sklearn.utils.parallel.Parallel` to make it possible to propagate the scikit-learn configuration of the current thread to the joblib workers.
  warnings.warn(
C:\Users\Mo7AmjMiro\AppData\Roaming\Python\Python314\site-packages\sklearn\utils\parallel.py:144: UserWarning: `sklearn.utils.parallel.delayed` should be used with `sklearn.utils.parallel.Parallel` to make it possible to propagate the scikit-learn configuration of the current thread to the joblib workers.
  warnings.warn(
C:\Users\Mo7AmjMiro\AppData\Roaming\Python\Python314\site-packages\sklearn\utils\parallel.py:144: UserWarning: `sklearn.utils.parallel.delayed` should be used with `sklearn.utils.parallel.Parallel` to make it possible to propagate the scikit-learn configuration of the current thread to the joblib workers.
  warnings.warn(
C:\Users\Mo7AmjMiro\AppData\Roaming\Python\Python314\site-packages\sklearn\utils\parallel.py:144: UserWarning: `sklearn.utils.parallel.delayed` should be used with `sklearn.utils.parallel.Parallel` to make it possible to propagate the scikit-learn configuration of the current thread to the joblib workers.
  warnings.warn(
C:\Users\Mo7AmjMiro\AppData\Roaming\Python\Python314\site-packages\sklearn\utils\parallel.py:144: UserWarning: `sklearn.utils.parallel.delayed` should be used with `sklearn.utils.parallel.Parallel` to make it possible to propagate the scikit-learn configuration of the current thread to the joblib workers.
  warnings.warn(
C:\Users\Mo7AmjMiro\AppData\Roaming\Python\Python314\site-packages\sklearn\utils\parallel.py:144: UserWarning: `sklearn.utils.parallel.delayed` should be used with `sklearn.utils.parallel.Parallel` to make it possible to propagate the scikit-learn configuration of the current thread to the joblib workers.
  warnings.warn(
C:\Users\Mo7AmjMiro\AppData\Roaming\Python\Python314\site-packages\sklearn\utils\parallel.py:144: UserWarning: `sklearn.utils.parallel.delayed` should be used with `sklearn.utils.parallel.Parallel` to make it possible to propagate the scikit-learn configuration of the current thread to the joblib workers.
  warnings.warn(
C:\Users\Mo7AmjMiro\AppData\Roaming\Python\Python314\site-packages\sklearn\utils\parallel.py:144: UserWarning: `sklearn.utils.parallel.delayed` should be used with `sklearn.utils.parallel.Parallel` to make it possible to propagate the scikit-learn configuration of the current thread to the joblib workers.
  warnings.warn(
C:\Users\Mo7AmjMiro\AppData\Roaming\Python\Python314\site-packages\sklearn\utils\parallel.py:144: UserWarning: `sklearn.utils.parallel.delayed` should be used with `sklearn.utils.parallel.Parallel` to make it possible to propagate the scikit-learn configuration of the current thread to the joblib workers.
  warnings.warn(
C:\Users\Mo7AmjMiro\AppData\Roaming\Python\Python314\site-packages\sklearn\utils\parallel.py:144: UserWarning: `sklearn.utils.parallel.delayed` should be used with `sklearn.utils.parallel.Parallel` to make it possible to propagate the scikit-learn configuration of the current thread to the joblib workers.
  warnings.warn(
C:\Users\Mo7AmjMiro\AppData\Roaming\Python\Python314\site-packages\sklearn\utils\parallel.py:144: UserWarning: `sklearn.utils.parallel.delayed` should be used with `sklearn.utils.parallel.Parallel` to make it possible to propagate the scikit-learn configuration of the current thread to the joblib workers.
  warnings.warn(
C:\Users\Mo7AmjMiro\AppData\Roaming\Python\Python314\site-packages\sklearn\utils\parallel.py:144: UserWarning: `sklearn.utils.parallel.delayed` should be used with `sklearn.utils.parallel.Parallel` to make it possible to propagate the scikit-learn configuration of the current thread to the joblib workers.
  warnings.warn(
C:\Users\Mo7AmjMiro\AppData\Roaming\Python\Python314\site-packages\sklearn\utils\parallel.py:144: UserWarning: `sklearn.utils.parallel.delayed` should be used with `sklearn.utils.parallel.Parallel` to make it possible to propagate the scikit-learn configuration of the current thread to the joblib workers.
  warnings.warn(
C:\Users\Mo7AmjMiro\AppData\Roaming\Python\Python314\site-packages\sklearn\utils\parallel.py:144: UserWarning: `sklearn.utils.parallel.delayed` should be used with `sklearn.utils.parallel.Parallel` to make it possible to propagate the scikit-learn configuration of the current thread to the joblib workers.
  warnings.warn(
C:\Users\Mo7AmjMiro\AppData\Roaming\Python\Python314\site-packages\sklearn\utils\parallel.py:144: UserWarning: `sklearn.utils.parallel.delayed` should be used with `sklearn.utils.parallel.Parallel` to make it possible to propagate the scikit-learn configuration of the current thread to the joblib workers.
  warnings.warn(
C:\Users\Mo7AmjMiro\AppData\Roaming\Python\Python314\site-packages\sklearn\utils\parallel.py:144: UserWarning: `sklearn.utils.parallel.delayed` should be used with `sklearn.utils.parallel.Parallel` to make it possible to propagate the scikit-learn configuration of the current thread to the joblib workers.
  warnings.warn(
C:\Users\Mo7AmjMiro\AppData\Roaming\Python\Python314\site-packages\sklearn\utils\parallel.py:144: UserWarning: `sklearn.utils.parallel.delayed` should be used with `sklearn.utils.parallel.Parallel` to make it possible to propagate the scikit-learn configuration of the current thread to the joblib workers.
  warnings.warn(
C:\Users\Mo7AmjMiro\AppData\Roaming\Python\Python314\site-packages\sklearn\utils\parallel.py:144: UserWarning: `sklearn.utils.parallel.delayed` should be used with `sklearn.utils.parallel.Parallel` to make it possible to propagate the scikit-learn configuration of the current thread to the joblib workers.
  warnings.warn(
C:\Users\Mo7AmjMiro\AppData\Roaming\Python\Python314\site-packages\sklearn\utils\parallel.py:144: UserWarning: `sklearn.utils.parallel.delayed` should be used with `sklearn.utils.parallel.Parallel` to make it possible to propagate the scikit-learn configuration of the current thread to the joblib workers.
  warnings.warn(
C:\Users\Mo7AmjMiro\AppData\Roaming\Python\Python314\site-packages\sklearn\utils\parallel.py:144: UserWarning: `sklearn.utils.parallel.delayed` should be used with `sklearn.utils.parallel.Parallel` to make it possible to propagate the scikit-learn configuration of the current thread to the joblib workers.
  warnings.warn(
C:\Users\Mo7AmjMiro\AppData\Roaming\Python\Python314\site-packages\sklearn\utils\parallel.py:144: UserWarning: `sklearn.utils.parallel.delayed` should be used with `sklearn.utils.parallel.Parallel` to make it possible to propagate the scikit-learn configuration of the current thread to the joblib workers.
  warnings.warn(
C:\Users\Mo7AmjMiro\AppData\Roaming\Python\Python314\site-packages\sklearn\utils\parallel.py:144: UserWarning: `sklearn.utils.parallel.delayed` should be used with `sklearn.utils.parallel.Parallel` to make it possible to propagate the scikit-learn configuration of the current thread to the joblib workers.
  warnings.warn(
C:\Users\Mo7AmjMiro\AppData\Roaming\Python\Python314\site-packages\sklearn\utils\parallel.py:144: UserWarning: `sklearn.utils.parallel.delayed` should be used with `sklearn.utils.parallel.Parallel` to make it possible to propagate the scikit-learn configuration of the current thread to the joblib workers.
  warnings.warn(
C:\Users\Mo7AmjMiro\AppData\Roaming\Python\Python314\site-packages\sklearn\utils\parallel.py:144: UserWarning: `sklearn.utils.parallel.delayed` should be used with `sklearn.utils.parallel.Parallel` to make it possible to propagate the scikit-learn configuration of the current thread to the joblib workers.
  warnings.warn(
C:\Users\Mo7AmjMiro\AppData\Roaming\Python\Python314\site-packages\sklearn\utils\parallel.py:144: UserWarning: `sklearn.utils.parallel.delayed` should be used with `sklearn.utils.parallel.Parallel` to make it possible to propagate the scikit-learn configuration of the current thread to the joblib workers.
  warnings.warn(
C:\Users\Mo7AmjMiro\AppData\Roaming\Python\Python314\site-packages\sklearn\utils\parallel.py:144: UserWarning: `sklearn.utils.parallel.delayed` should be used with `sklearn.utils.parallel.Parallel` to make it possible to propagate the scikit-learn configuration of the current thread to the joblib workers.
  warnings.warn(
C:\Users\Mo7AmjMiro\AppData\Roaming\Python\Python314\site-packages\sklearn\utils\parallel.py:144: UserWarning: `sklearn.utils.parallel.delayed` should be used with `sklearn.utils.parallel.Parallel` to make it possible to propagate the scikit-learn configuration of the current thread to the joblib workers.
  warnings.warn(
C:\Users\Mo7AmjMiro\AppData\Roaming\Python\Python314\site-packages\sklearn\utils\parallel.py:144: UserWarning: `sklearn.utils.parallel.delayed` should be used with `sklearn.utils.parallel.Parallel` to make it possible to propagate the scikit-learn configuration of the current thread to the joblib workers.
  warnings.warn(
C:\Users\Mo7AmjMiro\AppData\Roaming\Python\Python314\site-packages\sklearn\utils\parallel.py:144: UserWarning: `sklearn.utils.parallel.delayed` should be used with `sklearn.utils.parallel.Parallel` to make it possible to propagate the scikit-learn configuration of the current thread to the joblib workers.
  warnings.warn(
C:\Users\Mo7AmjMiro\AppData\Roaming\Python\Python314\site-packages\sklearn\utils\parallel.py:144: UserWarning: `sklearn.utils.parallel.delayed` should be used with `sklearn.utils.parallel.Parallel` to make it possible to propagate the scikit-learn configuration of the current thread to the joblib workers.
  warnings.warn(
C:\Users\Mo7AmjMiro\AppData\Roaming\Python\Python314\site-packages\sklearn\utils\parallel.py:144: UserWarning: `sklearn.utils.parallel.delayed` should be used with `sklearn.utils.parallel.Parallel` to make it possible to propagate the scikit-learn configuration of the current thread to the joblib workers.
  warnings.warn(
C:\Users\Mo7AmjMiro\AppData\Roaming\Python\Python314\site-packages\sklearn\utils\parallel.py:144: UserWarning: `sklearn.utils.parallel.delayed` should be used with `sklearn.utils.parallel.Parallel` to make it possible to propagate the scikit-learn configuration of the current thread to the joblib workers.
  warnings.warn(
C:\Users\Mo7AmjMiro\AppData\Roaming\Python\Python314\site-packages\sklearn\utils\parallel.py:144: UserWarning: `sklearn.utils.parallel.delayed` should be used with `sklearn.utils.parallel.Parallel` to make it possible to propagate the scikit-learn configuration of the current thread to the joblib workers.
  warnings.warn(
C:\Users\Mo7AmjMiro\AppData\Roaming\Python\Python314\site-packages\sklearn\utils\parallel.py:144: UserWarning: `sklearn.utils.parallel.delayed` should be used with `sklearn.utils.parallel.Parallel` to make it possible to propagate the scikit-learn configuration of the current thread to the joblib workers.
  warnings.warn(
C:\Users\Mo7AmjMiro\AppData\Roaming\Python\Python314\site-packages\sklearn\utils\parallel.py:144: UserWarning: `sklearn.utils.parallel.delayed` should be used with `sklearn.utils.parallel.Parallel` to make it possible to propagate the scikit-learn configuration of the current thread to the joblib workers.
  warnings.warn(
C:\Users\Mo7AmjMiro\AppData\Roaming\Python\Python314\site-packages\sklearn\utils\parallel.py:144: UserWarning: `sklearn.utils.parallel.delayed` should be used with `sklearn.utils.parallel.Parallel` to make it possible to propagate the scikit-learn configuration of the current thread to the joblib workers.
  warnings.warn(
C:\Users\Mo7AmjMiro\AppData\Roaming\Python\Python314\site-packages\sklearn\utils\parallel.py:144: UserWarning: `sklearn.utils.parallel.delayed` should be used with `sklearn.utils.parallel.Parallel` to make it possible to propagate the scikit-learn configuration of the current thread to the joblib workers.
  warnings.warn(
C:\Users\Mo7AmjMiro\AppData\Roaming\Python\Python314\site-packages\sklearn\utils\parallel.py:144: UserWarning: `sklearn.utils.parallel.delayed` should be used with `sklearn.utils.parallel.Parallel` to make it possible to propagate the scikit-learn configuration of the current thread to the joblib workers.
  warnings.warn(
C:\Users\Mo7AmjMiro\AppData\Roaming\Python\Python314\site-packages\sklearn\utils\parallel.py:144: UserWarning: `sklearn.utils.parallel.delayed` should be used with `sklearn.utils.parallel.Parallel` to make it possible to propagate the scikit-learn configuration of the current thread to the joblib workers.
  warnings.warn(
C:\Users\Mo7AmjMiro\AppData\Roaming\Python\Python314\site-packages\sklearn\utils\parallel.py:144: UserWarning: `sklearn.utils.parallel.delayed` should be used with `sklearn.utils.parallel.Parallel` to make it possible to propagate the scikit-learn configuration of the current thread to the joblib workers.
  warnings.warn(
C:\Users\Mo7AmjMiro\AppData\Roaming\Python\Python314\site-packages\sklearn\utils\parallel.py:144: UserWarning: `sklearn.utils.parallel.delayed` should be used with `sklearn.utils.parallel.Parallel` to make it possible to propagate the scikit-learn configuration of the current thread to the joblib workers.
  warnings.warn(
C:\Users\Mo7AmjMiro\AppData\Roaming\Python\Python314\site-packages\sklearn\utils\parallel.py:144: UserWarning: `sklearn.utils.parallel.delayed` should be used with `sklearn.utils.parallel.Parallel` to make it possible to propagate the scikit-learn configuration of the current thread to the joblib workers.
  warnings.warn(
C:\Users\Mo7AmjMiro\AppData\Roaming\Python\Python314\site-packages\sklearn\utils\parallel.py:144: UserWarning: `sklearn.utils.parallel.delayed` should be used with `sklearn.utils.parallel.Parallel` to make it possible to propagate the scikit-learn configuration of the current thread to the joblib workers.
  warnings.warn(
C:\Users\Mo7AmjMiro\AppData\Roaming\Python\Python314\site-packages\sklearn\utils\parallel.py:144: UserWarning: `sklearn.utils.parallel.delayed` should be used with `sklearn.utils.parallel.Parallel` to make it possible to propagate the scikit-learn configuration of the current thread to the joblib workers.
  warnings.warn(
C:\Users\Mo7AmjMiro\AppData\Roaming\Python\Python314\site-packages\sklearn\utils\parallel.py:144: UserWarning: `sklearn.utils.parallel.delayed` should be used with `sklearn.utils.parallel.Parallel` to make it possible to propagate the scikit-learn configuration of the current thread to the joblib workers.
  warnings.warn(
C:\Users\Mo7AmjMiro\AppData\Roaming\Python\Python314\site-packages\sklearn\utils\parallel.py:144: UserWarning: `sklearn.utils.parallel.delayed` should be used with `sklearn.utils.parallel.Parallel` to make it possible to propagate the scikit-learn configuration of the current thread to the joblib workers.
  warnings.warn(
C:\Users\Mo7AmjMiro\AppData\Roaming\Python\Python314\site-packages\sklearn\utils\parallel.py:144: UserWarning: `sklearn.utils.parallel.delayed` should be used with `sklearn.utils.parallel.Parallel` to make it possible to propagate the scikit-learn configuration of the current thread to the joblib workers.
  warnings.warn(
C:\Users\Mo7AmjMiro\AppData\Roaming\Python\Python314\site-packages\sklearn\utils\parallel.py:144: UserWarning: `sklearn.utils.parallel.delayed` should be used with `sklearn.utils.parallel.Parallel` to make it possible to propagate the scikit-learn configuration of the current thread to the joblib workers.
  warnings.warn(
C:\Users\Mo7AmjMiro\AppData\Roaming\Python\Python314\site-packages\sklearn\utils\parallel.py:144: UserWarning: `sklearn.utils.parallel.delayed` should be used with `sklearn.utils.parallel.Parallel` to make it possible to propagate the scikit-learn configuration of the current thread to the joblib workers.
  warnings.warn(
C:\Users\Mo7AmjMiro\AppData\Roaming\Python\Python314\site-packages\sklearn\utils\parallel.py:144: UserWarning: `sklearn.utils.parallel.delayed` should be used with `sklearn.utils.parallel.Parallel` to make it possible to propagate the scikit-learn configuration of the current thread to the joblib workers.
  warnings.warn(
C:\Users\Mo7AmjMiro\AppData\Roaming\Python\Python314\site-packages\sklearn\utils\parallel.py:144: UserWarning: `sklearn.utils.parallel.delayed` should be used with `sklearn.utils.parallel.Parallel` to make it possible to propagate the scikit-learn configuration of the current thread to the joblib workers.
  warnings.warn(
C:\Users\Mo7AmjMiro\AppData\Roaming\Python\Python314\site-packages\sklearn\utils\parallel.py:144: UserWarning: `sklearn.utils.parallel.delayed` should be used with `sklearn.utils.parallel.Parallel` to make it possible to propagate the scikit-learn configuration of the current thread to the joblib workers.
  warnings.warn(
C:\Users\Mo7AmjMiro\AppData\Roaming\Python\Python314\site-packages\sklearn\utils\parallel.py:144: UserWarning: `sklearn.utils.parallel.delayed` should be used with `sklearn.utils.parallel.Parallel` to make it possible to propagate the scikit-learn configuration of the current thread to the joblib workers.
  warnings.warn(
C:\Users\Mo7AmjMiro\AppData\Roaming\Python\Python314\site-packages\sklearn\utils\parallel.py:144: UserWarning: `sklearn.utils.parallel.delayed` should be used with `sklearn.utils.parallel.Parallel` to make it possible to propagate the scikit-learn configuration of the current thread to the joblib workers.
  warnings.warn(
C:\Users\Mo7AmjMiro\AppData\Roaming\Python\Python314\site-packages\sklearn\utils\parallel.py:144: UserWarning: `sklearn.utils.parallel.delayed` should be used with `sklearn.utils.parallel.Parallel` to make it possible to propagate the scikit-learn configuration of the current thread to the joblib workers.
  warnings.warn(
C:\Users\Mo7AmjMiro\AppData\Roaming\Python\Python314\site-packages\sklearn\utils\parallel.py:144: UserWarning: `sklearn.utils.parallel.delayed` should be used with `sklearn.utils.parallel.Parallel` to make it possible to propagate the scikit-learn configuration of the current thread to the joblib workers.
  warnings.warn(
C:\Users\Mo7AmjMiro\AppData\Roaming\Python\Python314\site-packages\sklearn\utils\parallel.py:144: UserWarning: `sklearn.utils.parallel.delayed` should be used with `sklearn.utils.parallel.Parallel` to make it possible to propagate the scikit-learn configuration of the current thread to the joblib workers.
  warnings.warn(
C:\Users\Mo7AmjMiro\AppData\Roaming\Python\Python314\site-packages\sklearn\utils\parallel.py:144: UserWarning: `sklearn.utils.parallel.delayed` should be used with `sklearn.utils.parallel.Parallel` to make it possible to propagate the scikit-learn configuration of the current thread to the joblib workers.
  warnings.warn(
C:\Users\Mo7AmjMiro\AppData\Roaming\Python\Python314\site-packages\sklearn\utils\parallel.py:144: UserWarning: `sklearn.utils.parallel.delayed` should be used with `sklearn.utils.parallel.Parallel` to make it possible to propagate the scikit-learn configuration of the current thread to the joblib workers.
  warnings.warn(
C:\Users\Mo7AmjMiro\AppData\Roaming\Python\Python314\site-packages\sklearn\utils\parallel.py:144: UserWarning: `sklearn.utils.parallel.delayed` should be used with `sklearn.utils.parallel.Parallel` to make it possible to propagate the scikit-learn configuration of the current thread to the joblib workers.
  warnings.warn(
C:\Users\Mo7AmjMiro\AppData\Roaming\Python\Python314\site-packages\sklearn\utils\parallel.py:144: UserWarning: `sklearn.utils.parallel.delayed` should be used with `sklearn.utils.parallel.Parallel` to make it possible to propagate the scikit-learn configuration of the current thread to the joblib workers.
  warnings.warn(
C:\Users\Mo7AmjMiro\AppData\Roaming\Python\Python314\site-packages\sklearn\utils\parallel.py:144: UserWarning: `sklearn.utils.parallel.delayed` should be used with `sklearn.utils.parallel.Parallel` to make it possible to propagate the scikit-learn configuration of the current thread to the joblib workers.
  warnings.warn(
C:\Users\Mo7AmjMiro\AppData\Roaming\Python\Python314\site-packages\sklearn\utils\parallel.py:144: UserWarning: `sklearn.utils.parallel.delayed` should be used with `sklearn.utils.parallel.Parallel` to make it possible to propagate the scikit-learn configuration of the current thread to the joblib workers.
  warnings.warn(
C:\Users\Mo7AmjMiro\AppData\Roaming\Python\Python314\site-packages\sklearn\utils\parallel.py:144: UserWarning: `sklearn.utils.parallel.delayed` should be used with `sklearn.utils.parallel.Parallel` to make it possible to propagate the scikit-learn configuration of the current thread to the joblib workers.
  warnings.warn(
C:\Users\Mo7AmjMiro\AppData\Roaming\Python\Python314\site-packages\sklearn\utils\parallel.py:144: UserWarning: `sklearn.utils.parallel.delayed` should be used with `sklearn.utils.parallel.Parallel` to make it possible to propagate the scikit-learn configuration of the current thread to the joblib workers.
  warnings.warn(
C:\Users\Mo7AmjMiro\AppData\Roaming\Python\Python314\site-packages\sklearn\utils\parallel.py:144: UserWarning: `sklearn.utils.parallel.delayed` should be used with `sklearn.utils.parallel.Parallel` to make it possible to propagate the scikit-learn configuration of the current thread to the joblib workers.
  warnings.warn(
C:\Users\Mo7AmjMiro\AppData\Roaming\Python\Python314\site-packages\sklearn\utils\parallel.py:144: UserWarning: `sklearn.utils.parallel.delayed` should be used with `sklearn.utils.parallel.Parallel` to make it possible to propagate the scikit-learn configuration of the current thread to the joblib workers.
  warnings.warn(
C:\Users\Mo7AmjMiro\AppData\Roaming\Python\Python314\site-packages\sklearn\utils\parallel.py:144: UserWarning: `sklearn.utils.parallel.delayed` should be used with `sklearn.utils.parallel.Parallel` to make it possible to propagate the scikit-learn configuration of the current thread to the joblib workers.
  warnings.warn(
C:\Users\Mo7AmjMiro\AppData\Roaming\Python\Python314\site-packages\sklearn\utils\parallel.py:144: UserWarning: `sklearn.utils.parallel.delayed` should be used with `sklearn.utils.parallel.Parallel` to make it possible to propagate the scikit-learn configuration of the current thread to the joblib workers.
  warnings.warn(
C:\Users\Mo7AmjMiro\AppData\Roaming\Python\Python314\site-packages\sklearn\utils\parallel.py:144: UserWarning: `sklearn.utils.parallel.delayed` should be used with `sklearn.utils.parallel.Parallel` to make it possible to propagate the scikit-learn configuration of the current thread to the joblib workers.
  warnings.warn(
C:\Users\Mo7AmjMiro\AppData\Roaming\Python\Python314\site-packages\sklearn\utils\parallel.py:144: UserWarning: `sklearn.utils.parallel.delayed` should be used with `sklearn.utils.parallel.Parallel` to make it possible to propagate the scikit-learn configuration of the current thread to the joblib workers.
  warnings.warn(
C:\Users\Mo7AmjMiro\AppData\Roaming\Python\Python314\site-packages\sklearn\utils\parallel.py:144: UserWarning: `sklearn.utils.parallel.delayed` should be used with `sklearn.utils.parallel.Parallel` to make it possible to propagate the scikit-learn configuration of the current thread to the joblib workers.
  warnings.warn(
C:\Users\Mo7AmjMiro\AppData\Roaming\Python\Python314\site-packages\sklearn\utils\parallel.py:144: UserWarning: `sklearn.utils.parallel.delayed` should be used with `sklearn.utils.parallel.Parallel` to make it possible to propagate the scikit-learn configuration of the current thread to the joblib workers.
  warnings.warn(
C:\Users\Mo7AmjMiro\AppData\Roaming\Python\Python314\site-packages\sklearn\utils\parallel.py:144: UserWarning: `sklearn.utils.parallel.delayed` should be used with `sklearn.utils.parallel.Parallel` to make it possible to propagate the scikit-learn configuration of the current thread to the joblib workers.
  warnings.warn(
C:\Users\Mo7AmjMiro\AppData\Roaming\Python\Python314\site-packages\sklearn\utils\parallel.py:144: UserWarning: `sklearn.utils.parallel.delayed` should be used with `sklearn.utils.parallel.Parallel` to make it possible to propagate the scikit-learn configuration of the current thread to the joblib workers.
  warnings.warn(
C:\Users\Mo7AmjMiro\AppData\Roaming\Python\Python314\site-packages\sklearn\utils\parallel.py:144: UserWarning: `sklearn.utils.parallel.delayed` should be used with `sklearn.utils.parallel.Parallel` to make it possible to propagate the scikit-learn configuration of the current thread to the joblib workers.
  warnings.warn(
C:\Users\Mo7AmjMiro\AppData\Roaming\Python\Python314\site-packages\sklearn\utils\parallel.py:144: UserWarning: `sklearn.utils.parallel.delayed` should be used with `sklearn.utils.parallel.Parallel` to make it possible to propagate the scikit-learn configuration of the current thread to the joblib workers.
  warnings.warn(
C:\Users\Mo7AmjMiro\AppData\Roaming\Python\Python314\site-packages\sklearn\utils\parallel.py:144: UserWarning: `sklearn.utils.parallel.delayed` should be used with `sklearn.utils.parallel.Parallel` to make it possible to propagate the scikit-learn configuration of the current thread to the joblib workers.
  warnings.warn(
C:\Users\Mo7AmjMiro\AppData\Roaming\Python\Python314\site-packages\sklearn\utils\parallel.py:144: UserWarning: `sklearn.utils.parallel.delayed` should be used with `sklearn.utils.parallel.Parallel` to make it possible to propagate the scikit-learn configuration of the current thread to the joblib workers.
  warnings.warn(
C:\Users\Mo7AmjMiro\AppData\Roaming\Python\Python314\site-packages\sklearn\utils\parallel.py:144: UserWarning: `sklearn.utils.parallel.delayed` should be used with `sklearn.utils.parallel.Parallel` to make it possible to propagate the scikit-learn configuration of the current thread to the joblib workers.
  warnings.warn(
C:\Users\Mo7AmjMiro\AppData\Roaming\Python\Python314\site-packages\sklearn\utils\parallel.py:144: UserWarning: `sklearn.utils.parallel.delayed` should be used with `sklearn.utils.parallel.Parallel` to make it possible to propagate the scikit-learn configuration of the current thread to the joblib workers.
  warnings.warn(
C:\Users\Mo7AmjMiro\AppData\Roaming\Python\Python314\site-packages\sklearn\utils\parallel.py:144: UserWarning: `sklearn.utils.parallel.delayed` should be used with `sklearn.utils.parallel.Parallel` to make it possible to propagate the scikit-learn configuration of the current thread to the joblib workers.
  warnings.warn(
C:\Users\Mo7AmjMiro\AppData\Roaming\Python\Python314\site-packages\sklearn\utils\parallel.py:144: UserWarning: `sklearn.utils.parallel.delayed` should be used with `sklearn.utils.parallel.Parallel` to make it possible to propagate the scikit-learn configuration of the current thread to the joblib workers.
  warnings.warn(
C:\Users\Mo7AmjMiro\AppData\Roaming\Python\Python314\site-packages\sklearn\utils\parallel.py:144: UserWarning: `sklearn.utils.parallel.delayed` should be used with `sklearn.utils.parallel.Parallel` to make it possible to propagate the scikit-learn configuration of the current thread to the joblib workers.
  warnings.warn(
C:\Users\Mo7AmjMiro\AppData\Roaming\Python\Python314\site-packages\sklearn\utils\parallel.py:144: UserWarning: `sklearn.utils.parallel.delayed` should be used with `sklearn.utils.parallel.Parallel` to make it possible to propagate the scikit-learn configuration of the current thread to the joblib workers.
  warnings.warn(
C:\Users\Mo7AmjMiro\AppData\Roaming\Python\Python314\site-packages\sklearn\utils\parallel.py:144: UserWarning: `sklearn.utils.parallel.delayed` should be used with `sklearn.utils.parallel.Parallel` to make it possible to propagate the scikit-learn configuration of the current thread to the joblib workers.
  warnings.warn(
C:\Users\Mo7AmjMiro\AppData\Roaming\Python\Python314\site-packages\sklearn\utils\parallel.py:144: UserWarning: `sklearn.utils.parallel.delayed` should be used with `sklearn.utils.parallel.Parallel` to make it possible to propagate the scikit-learn configuration of the current thread to the joblib workers.
  warnings.warn(
C:\Users\Mo7AmjMiro\AppData\Roaming\Python\Python314\site-packages\sklearn\utils\parallel.py:144: UserWarning: `sklearn.utils.parallel.delayed` should be used with `sklearn.utils.parallel.Parallel` to make it possible to propagate the scikit-learn configuration of the current thread to the joblib workers.
  warnings.warn(
C:\Users\Mo7AmjMiro\AppData\Roaming\Python\Python314\site-packages\sklearn\utils\parallel.py:144: UserWarning: `sklearn.utils.parallel.delayed` should be used with `sklearn.utils.parallel.Parallel` to make it possible to propagate the scikit-learn configuration of the current thread to the joblib workers.
  warnings.warn(
C:\Users\Mo7AmjMiro\AppData\Roaming\Python\Python314\site-packages\sklearn\utils\parallel.py:144: UserWarning: `sklearn.utils.parallel.delayed` should be used with `sklearn.utils.parallel.Parallel` to make it possible to propagate the scikit-learn configuration of the current thread to the joblib workers.
  warnings.warn(
C:\Users\Mo7AmjMiro\AppData\Roaming\Python\Python314\site-packages\sklearn\utils\parallel.py:144: UserWarning: `sklearn.utils.parallel.delayed` should be used with `sklearn.utils.parallel.Parallel` to make it possible to propagate the scikit-learn configuration of the current thread to the joblib workers.
  warnings.warn(
C:\Users\Mo7AmjMiro\AppData\Roaming\Python\Python314\site-packages\sklearn\utils\parallel.py:144: UserWarning: `sklearn.utils.parallel.delayed` should be used with `sklearn.utils.parallel.Parallel` to make it possible to propagate the scikit-learn configuration of the current thread to the joblib workers.
  warnings.warn(
C:\Users\Mo7AmjMiro\AppData\Roaming\Python\Python314\site-packages\sklearn\utils\parallel.py:144: UserWarning: `sklearn.utils.parallel.delayed` should be used with `sklearn.utils.parallel.Parallel` to make it possible to propagate the scikit-learn configuration of the current thread to the joblib workers.
  warnings.warn(
C:\Users\Mo7AmjMiro\AppData\Roaming\Python\Python314\site-packages\sklearn\utils\parallel.py:144: UserWarning: `sklearn.utils.parallel.delayed` should be used with `sklearn.utils.parallel.Parallel` to make it possible to propagate the scikit-learn configuration of the current thread to the joblib workers.
  warnings.warn(
C:\Users\Mo7AmjMiro\AppData\Roaming\Python\Python314\site-packages\sklearn\utils\parallel.py:144: UserWarning: `sklearn.utils.parallel.delayed` should be used with `sklearn.utils.parallel.Parallel` to make it possible to propagate the scikit-learn configuration of the current thread to the joblib workers.
  warnings.warn(
C:\Users\Mo7AmjMiro\AppData\Roaming\Python\Python314\site-packages\sklearn\utils\parallel.py:144: UserWarning: `sklearn.utils.parallel.delayed` should be used with `sklearn.utils.parallel.Parallel` to make it possible to propagate the scikit-learn configuration of the current thread to the joblib workers.
  warnings.warn(
C:\Users\Mo7AmjMiro\AppData\Roaming\Python\Python314\site-packages\sklearn\utils\parallel.py:144: UserWarning: `sklearn.utils.parallel.delayed` should be used with `sklearn.utils.parallel.Parallel` to make it possible to propagate the scikit-learn configuration of the current thread to the joblib workers.
  warnings.warn(
C:\Users\Mo7AmjMiro\AppData\Roaming\Python\Python314\site-packages\sklearn\utils\parallel.py:144: UserWarning: `sklearn.utils.parallel.delayed` should be used with `sklearn.utils.parallel.Parallel` to make it possible to propagate the scikit-learn configuration of the current thread to the joblib workers.
  warnings.warn(
C:\Users\Mo7AmjMiro\AppData\Roaming\Python\Python314\site-packages\sklearn\utils\parallel.py:144: UserWarning: `sklearn.utils.parallel.delayed` should be used with `sklearn.utils.parallel.Parallel` to make it possible to propagate the scikit-learn configuration of the current thread to the joblib workers.
  warnings.warn(
C:\Users\Mo7AmjMiro\AppData\Roaming\Python\Python314\site-packages\sklearn\utils\parallel.py:144: UserWarning: `sklearn.utils.parallel.delayed` should be used with `sklearn.utils.parallel.Parallel` to make it possible to propagate the scikit-learn configuration of the current thread to the joblib workers.
  warnings.warn(
C:\Users\Mo7AmjMiro\AppData\Roaming\Python\Python314\site-packages\sklearn\utils\parallel.py:144: UserWarning: `sklearn.utils.parallel.delayed` should be used with `sklearn.utils.parallel.Parallel` to make it possible to propagate the scikit-learn configuration of the current thread to the joblib workers.
  warnings.warn(
C:\Users\Mo7AmjMiro\AppData\Roaming\Python\Python314\site-packages\sklearn\utils\parallel.py:144: UserWarning: `sklearn.utils.parallel.delayed` should be used with `sklearn.utils.parallel.Parallel` to make it possible to propagate the scikit-learn configuration of the current thread to the joblib workers.
  warnings.warn(
C:\Users\Mo7AmjMiro\AppData\Roaming\Python\Python314\site-packages\sklearn\utils\parallel.py:144: UserWarning: `sklearn.utils.parallel.delayed` should be used with `sklearn.utils.parallel.Parallel` to make it possible to propagate the scikit-learn configuration of the current thread to the joblib workers.
  warnings.warn(
C:\Users\Mo7AmjMiro\AppData\Roaming\Python\Python314\site-packages\sklearn\utils\parallel.py:144: UserWarning: `sklearn.utils.parallel.delayed` should be used with `sklearn.utils.parallel.Parallel` to make it possible to propagate the scikit-learn configuration of the current thread to the joblib workers.
  warnings.warn(
C:\Users\Mo7AmjMiro\AppData\Roaming\Python\Python314\site-packages\sklearn\utils\parallel.py:144: UserWarning: `sklearn.utils.parallel.delayed` should be used with `sklearn.utils.parallel.Parallel` to make it possible to propagate the scikit-learn configuration of the current thread to the joblib workers.
  warnings.warn(
C:\Users\Mo7AmjMiro\AppData\Roaming\Python\Python314\site-packages\sklearn\utils\parallel.py:144: UserWarning: `sklearn.utils.parallel.delayed` should be used with `sklearn.utils.parallel.Parallel` to make it possible to propagate the scikit-learn configuration of the current thread to the joblib workers.
  warnings.warn(
C:\Users\Mo7AmjMiro\AppData\Roaming\Python\Python314\site-packages\sklearn\utils\parallel.py:144: UserWarning: `sklearn.utils.parallel.delayed` should be used with `sklearn.utils.parallel.Parallel` to make it possible to propagate the scikit-learn configuration of the current thread to the joblib workers.
  warnings.warn(
C:\Users\Mo7AmjMiro\AppData\Roaming\Python\Python314\site-packages\sklearn\utils\parallel.py:144: UserWarning: `sklearn.utils.parallel.delayed` should be used with `sklearn.utils.parallel.Parallel` to make it possible to propagate the scikit-learn configuration of the current thread to the joblib workers.
  warnings.warn(
C:\Users\Mo7AmjMiro\AppData\Roaming\Python\Python314\site-packages\sklearn\utils\parallel.py:144: UserWarning: `sklearn.utils.parallel.delayed` should be used with `sklearn.utils.parallel.Parallel` to make it possible to propagate the scikit-learn configuration of the current thread to the joblib workers.
  warnings.warn(
C:\Users\Mo7AmjMiro\AppData\Roaming\Python\Python314\site-packages\sklearn\utils\parallel.py:144: UserWarning: `sklearn.utils.parallel.delayed` should be used with `sklearn.utils.parallel.Parallel` to make it possible to propagate the scikit-learn configuration of the current thread to the joblib workers.
  warnings.warn(
C:\Users\Mo7AmjMiro\AppData\Roaming\Python\Python314\site-packages\sklearn\utils\parallel.py:144: UserWarning: `sklearn.utils.parallel.delayed` should be used with `sklearn.utils.parallel.Parallel` to make it possible to propagate the scikit-learn configuration of the current thread to the joblib workers.
  warnings.warn(
C:\Users\Mo7AmjMiro\AppData\Roaming\Python\Python314\site-packages\sklearn\utils\parallel.py:144: UserWarning: `sklearn.utils.parallel.delayed` should be used with `sklearn.utils.parallel.Parallel` to make it possible to propagate the scikit-learn configuration of the current thread to the joblib workers.
  warnings.warn(
C:\Users\Mo7AmjMiro\AppData\Roaming\Python\Python314\site-packages\sklearn\utils\parallel.py:144: UserWarning: `sklearn.utils.parallel.delayed` should be used with `sklearn.utils.parallel.Parallel` to make it possible to propagate the scikit-learn configuration of the current thread to the joblib workers.
  warnings.warn(
C:\Users\Mo7AmjMiro\AppData\Roaming\Python\Python314\site-packages\sklearn\utils\parallel.py:144: UserWarning: `sklearn.utils.parallel.delayed` should be used with `sklearn.utils.parallel.Parallel` to make it possible to propagate the scikit-learn configuration of the current thread to the joblib workers.
  warnings.warn(
C:\Users\Mo7AmjMiro\AppData\Roaming\Python\Python314\site-packages\sklearn\utils\parallel.py:144: UserWarning: `sklearn.utils.parallel.delayed` should be used with `sklearn.utils.parallel.Parallel` to make it possible to propagate the scikit-learn configuration of the current thread to the joblib workers.
  warnings.warn(
C:\Users\Mo7AmjMiro\AppData\Roaming\Python\Python314\site-packages\sklearn\utils\parallel.py:144: UserWarning: `sklearn.utils.parallel.delayed` should be used with `sklearn.utils.parallel.Parallel` to make it possible to propagate the scikit-learn configuration of the current thread to the joblib workers.
  warnings.warn(
C:\Users\Mo7AmjMiro\AppData\Roaming\Python\Python314\site-packages\sklearn\utils\parallel.py:144: UserWarning: `sklearn.utils.parallel.delayed` should be used with `sklearn.utils.parallel.Parallel` to make it possible to propagate the scikit-learn configuration of the current thread to the joblib workers.
  warnings.warn(
C:\Users\Mo7AmjMiro\AppData\Roaming\Python\Python314\site-packages\sklearn\utils\parallel.py:144: UserWarning: `sklearn.utils.parallel.delayed` should be used with `sklearn.utils.parallel.Parallel` to make it possible to propagate the scikit-learn configuration of the current thread to the joblib workers.
  warnings.warn(
C:\Users\Mo7AmjMiro\AppData\Roaming\Python\Python314\site-packages\sklearn\utils\parallel.py:144: UserWarning: `sklearn.utils.parallel.delayed` should be used with `sklearn.utils.parallel.Parallel` to make it possible to propagate the scikit-learn configuration of the current thread to the joblib workers.
  warnings.warn(
C:\Users\Mo7AmjMiro\AppData\Roaming\Python\Python314\site-packages\sklearn\utils\parallel.py:144: UserWarning: `sklearn.utils.parallel.delayed` should be used with `sklearn.utils.parallel.Parallel` to make it possible to propagate the scikit-learn configuration of the current thread to the joblib workers.
  warnings.warn(
C:\Users\Mo7AmjMiro\AppData\Roaming\Python\Python314\site-packages\sklearn\utils\parallel.py:144: UserWarning: `sklearn.utils.parallel.delayed` should be used with `sklearn.utils.parallel.Parallel` to make it possible to propagate the scikit-learn configuration of the current thread to the joblib workers.
  warnings.warn(
C:\Users\Mo7AmjMiro\AppData\Roaming\Python\Python314\site-packages\sklearn\utils\parallel.py:144: UserWarning: `sklearn.utils.parallel.delayed` should be used with `sklearn.utils.parallel.Parallel` to make it possible to propagate the scikit-learn configuration of the current thread to the joblib workers.
  warnings.warn(
C:\Users\Mo7AmjMiro\AppData\Roaming\Python\Python314\site-packages\sklearn\utils\parallel.py:144: UserWarning: `sklearn.utils.parallel.delayed` should be used with `sklearn.utils.parallel.Parallel` to make it possible to propagate the scikit-learn configuration of the current thread to the joblib workers.
  warnings.warn(
C:\Users\Mo7AmjMiro\AppData\Roaming\Python\Python314\site-packages\sklearn\utils\parallel.py:144: UserWarning: `sklearn.utils.parallel.delayed` should be used with `sklearn.utils.parallel.Parallel` to make it possible to propagate the scikit-learn configuration of the current thread to the joblib workers.
  warnings.warn(
C:\Users\Mo7AmjMiro\AppData\Roaming\Python\Python314\site-packages\sklearn\utils\parallel.py:144: UserWarning: `sklearn.utils.parallel.delayed` should be used with `sklearn.utils.parallel.Parallel` to make it possible to propagate the scikit-learn configuration of the current thread to the joblib workers.
  warnings.warn(
C:\Users\Mo7AmjMiro\AppData\Roaming\Python\Python314\site-packages\sklearn\utils\parallel.py:144: UserWarning: `sklearn.utils.parallel.delayed` should be used with `sklearn.utils.parallel.Parallel` to make it possible to propagate the scikit-learn configuration of the current thread to the joblib workers.
  warnings.warn(
C:\Users\Mo7AmjMiro\AppData\Roaming\Python\Python314\site-packages\sklearn\utils\parallel.py:144: UserWarning: `sklearn.utils.parallel.delayed` should be used with `sklearn.utils.parallel.Parallel` to make it possible to propagate the scikit-learn configuration of the current thread to the joblib workers.
  warnings.warn(
C:\Users\Mo7AmjMiro\AppData\Roaming\Python\Python314\site-packages\sklearn\utils\parallel.py:144: UserWarning: `sklearn.utils.parallel.delayed` should be used with `sklearn.utils.parallel.Parallel` to make it possible to propagate the scikit-learn configuration of the current thread to the joblib workers.
  warnings.warn(
C:\Users\Mo7AmjMiro\AppData\Roaming\Python\Python314\site-packages\sklearn\utils\parallel.py:144: UserWarning: `sklearn.utils.parallel.delayed` should be used with `sklearn.utils.parallel.Parallel` to make it possible to propagate the scikit-learn configuration of the current thread to the joblib workers.
  warnings.warn(
C:\Users\Mo7AmjMiro\AppData\Roaming\Python\Python314\site-packages\sklearn\utils\parallel.py:144: UserWarning: `sklearn.utils.parallel.delayed` should be used with `sklearn.utils.parallel.Parallel` to make it possible to propagate the scikit-learn configuration of the current thread to the joblib workers.
  warnings.warn(
C:\Users\Mo7AmjMiro\AppData\Roaming\Python\Python314\site-packages\sklearn\utils\parallel.py:144: UserWarning: `sklearn.utils.parallel.delayed` should be used with `sklearn.utils.parallel.Parallel` to make it possible to propagate the scikit-learn configuration of the current thread to the joblib workers.
  warnings.warn(
C:\Users\Mo7AmjMiro\AppData\Roaming\Python\Python314\site-packages\sklearn\utils\parallel.py:144: UserWarning: `sklearn.utils.parallel.delayed` should be used with `sklearn.utils.parallel.Parallel` to make it possible to propagate the scikit-learn configuration of the current thread to the joblib workers.
  warnings.warn(
C:\Users\Mo7AmjMiro\AppData\Roaming\Python\Python314\site-packages\sklearn\utils\parallel.py:144: UserWarning: `sklearn.utils.parallel.delayed` should be used with `sklearn.utils.parallel.Parallel` to make it possible to propagate the scikit-learn configuration of the current thread to the joblib workers.
  warnings.warn(
[20:18:40] E6 office r=0.5 n=300 leaf=20 depth=None size=2.7MB test=0.3306
C:\Users\Mo7AmjMiro\AppData\Roaming\Python\Python314\site-packages\sklearn\utils\parallel.py:144: UserWarning: `sklearn.utils.parallel.delayed` should be used with `sklearn.utils.parallel.Parallel` to make it possible to propagate the scikit-learn configuration of the current thread to the joblib workers.
  warnings.warn(
C:\Users\Mo7AmjMiro\AppData\Roaming\Python\Python314\site-packages\sklearn\utils\parallel.py:144: UserWarning: `sklearn.utils.parallel.delayed` should be used with `sklearn.utils.parallel.Parallel` to make it possible to propagate the scikit-learn configuration of the current thread to the joblib workers.
  warnings.warn(
C:\Users\Mo7AmjMiro\AppData\Roaming\Python\Python314\site-packages\sklearn\utils\parallel.py:144: UserWarning: `sklearn.utils.parallel.delayed` should be used with `sklearn.utils.parallel.Parallel` to make it possible to propagate the scikit-learn configuration of the current thread to the joblib workers.
  warnings.warn(
C:\Users\Mo7AmjMiro\AppData\Roaming\Python\Python314\site-packages\sklearn\utils\parallel.py:144: UserWarning: `sklearn.utils.parallel.delayed` should be used with `sklearn.utils.parallel.Parallel` to make it possible to propagate the scikit-learn configuration of the current thread to the joblib workers.
  warnings.warn(
C:\Users\Mo7AmjMiro\AppData\Roaming\Python\Python314\site-packages\sklearn\utils\parallel.py:144: UserWarning: `sklearn.utils.parallel.delayed` should be used with `sklearn.utils.parallel.Parallel` to make it possible to propagate the scikit-learn configuration of the current thread to the joblib workers.
  warnings.warn(
C:\Users\Mo7AmjMiro\AppData\Roaming\Python\Python314\site-packages\sklearn\utils\parallel.py:144: UserWarning: `sklearn.utils.parallel.delayed` should be used with `sklearn.utils.parallel.Parallel` to make it possible to propagate the scikit-learn configuration of the current thread to the joblib workers.
  warnings.warn(
C:\Users\Mo7AmjMiro\AppData\Roaming\Python\Python314\site-packages\sklearn\utils\parallel.py:144: UserWarning: `sklearn.utils.parallel.delayed` should be used with `sklearn.utils.parallel.Parallel` to make it possible to propagate the scikit-learn configuration of the current thread to the joblib workers.
  warnings.warn(
C:\Users\Mo7AmjMiro\AppData\Roaming\Python\Python314\site-packages\sklearn\utils\parallel.py:144: UserWarning: `sklearn.utils.parallel.delayed` should be used with `sklearn.utils.parallel.Parallel` to make it possible to propagate the scikit-learn configuration of the current thread to the joblib workers.
  warnings.warn(
C:\Users\Mo7AmjMiro\AppData\Roaming\Python\Python314\site-packages\sklearn\utils\parallel.py:144: UserWarning: `sklearn.utils.parallel.delayed` should be used with `sklearn.utils.parallel.Parallel` to make it possible to propagate the scikit-learn configuration of the current thread to the joblib workers.
  warnings.warn(
C:\Users\Mo7AmjMiro\AppData\Roaming\Python\Python314\site-packages\sklearn\utils\parallel.py:144: UserWarning: `sklearn.utils.parallel.delayed` should be used with `sklearn.utils.parallel.Parallel` to make it possible to propagate the scikit-learn configuration of the current thread to the joblib workers.
  warnings.warn(
C:\Users\Mo7AmjMiro\AppData\Roaming\Python\Python314\site-packages\sklearn\utils\parallel.py:144: UserWarning: `sklearn.utils.parallel.delayed` should be used with `sklearn.utils.parallel.Parallel` to make it possible to propagate the scikit-learn configuration of the current thread to the joblib workers.
  warnings.warn(
C:\Users\Mo7AmjMiro\AppData\Roaming\Python\Python314\site-packages\sklearn\utils\parallel.py:144: UserWarning: `sklearn.utils.parallel.delayed` should be used with `sklearn.utils.parallel.Parallel` to make it possible to propagate the scikit-learn configuration of the current thread to the joblib workers.
  warnings.warn(
C:\Users\Mo7AmjMiro\AppData\Roaming\Python\Python314\site-packages\sklearn\utils\parallel.py:144: UserWarning: `sklearn.utils.parallel.delayed` should be used with `sklearn.utils.parallel.Parallel` to make it possible to propagate the scikit-learn configuration of the current thread to the joblib workers.
  warnings.warn(
C:\Users\Mo7AmjMiro\AppData\Roaming\Python\Python314\site-packages\sklearn\utils\parallel.py:144: UserWarning: `sklearn.utils.parallel.delayed` should be used with `sklearn.utils.parallel.Parallel` to make it possible to propagate the scikit-learn configuration of the current thread to the joblib workers.
  warnings.warn(
C:\Users\Mo7AmjMiro\AppData\Roaming\Python\Python314\site-packages\sklearn\utils\parallel.py:144: UserWarning: `sklearn.utils.parallel.delayed` should be used with `sklearn.utils.parallel.Parallel` to make it possible to propagate the scikit-learn configuration of the current thread to the joblib workers.
  warnings.warn(
C:\Users\Mo7AmjMiro\AppData\Roaming\Python\Python314\site-packages\sklearn\utils\parallel.py:144: UserWarning: `sklearn.utils.parallel.delayed` should be used with `sklearn.utils.parallel.Parallel` to make it possible to propagate the scikit-learn configuration of the current thread to the joblib workers.
  warnings.warn(
C:\Users\Mo7AmjMiro\AppData\Roaming\Python\Python314\site-packages\sklearn\utils\parallel.py:144: UserWarning: `sklearn.utils.parallel.delayed` should be used with `sklearn.utils.parallel.Parallel` to make it possible to propagate the scikit-learn configuration of the current thread to the joblib workers.
  warnings.warn(
C:\Users\Mo7AmjMiro\AppData\Roaming\Python\Python314\site-packages\sklearn\utils\parallel.py:144: UserWarning: `sklearn.utils.parallel.delayed` should be used with `sklearn.utils.parallel.Parallel` to make it possible to propagate the scikit-learn configuration of the current thread to the joblib workers.
  warnings.warn(
C:\Users\Mo7AmjMiro\AppData\Roaming\Python\Python314\site-packages\sklearn\utils\parallel.py:144: UserWarning: `sklearn.utils.parallel.delayed` should be used with `sklearn.utils.parallel.Parallel` to make it possible to propagate the scikit-learn configuration of the current thread to the joblib workers.
  warnings.warn(
C:\Users\Mo7AmjMiro\AppData\Roaming\Python\Python314\site-packages\sklearn\utils\parallel.py:144: UserWarning: `sklearn.utils.parallel.delayed` should be used with `sklearn.utils.parallel.Parallel` to make it possible to propagate the scikit-learn configuration of the current thread to the joblib workers.
  warnings.warn(
C:\Users\Mo7AmjMiro\AppData\Roaming\Python\Python314\site-packages\sklearn\utils\parallel.py:144: UserWarning: `sklearn.utils.parallel.delayed` should be used with `sklearn.utils.parallel.Parallel` to make it possible to propagate the scikit-learn configuration of the current thread to the joblib workers.
  warnings.warn(
C:\Users\Mo7AmjMiro\AppData\Roaming\Python\Python314\site-packages\sklearn\utils\parallel.py:144: UserWarning: `sklearn.utils.parallel.delayed` should be used with `sklearn.utils.parallel.Parallel` to make it possible to propagate the scikit-learn configuration of the current thread to the joblib workers.
  warnings.warn(
C:\Users\Mo7AmjMiro\AppData\Roaming\Python\Python314\site-packages\sklearn\utils\parallel.py:144: UserWarning: `sklearn.utils.parallel.delayed` should be used with `sklearn.utils.parallel.Parallel` to make it possible to propagate the scikit-learn configuration of the current thread to the joblib workers.
  warnings.warn(
C:\Users\Mo7AmjMiro\AppData\Roaming\Python\Python314\site-packages\sklearn\utils\parallel.py:144: UserWarning: `sklearn.utils.parallel.delayed` should be used with `sklearn.utils.parallel.Parallel` to make it possible to propagate the scikit-learn configuration of the current thread to the joblib workers.
  warnings.warn(
C:\Users\Mo7AmjMiro\AppData\Roaming\Python\Python314\site-packages\sklearn\utils\parallel.py:144: UserWarning: `sklearn.utils.parallel.delayed` should be used with `sklearn.utils.parallel.Parallel` to make it possible to propagate the scikit-learn configuration of the current thread to the joblib workers.
  warnings.warn(
C:\Users\Mo7AmjMiro\AppData\Roaming\Python\Python314\site-packages\sklearn\utils\parallel.py:144: UserWarning: `sklearn.utils.parallel.delayed` should be used with `sklearn.utils.parallel.Parallel` to make it possible to propagate the scikit-learn configuration of the current thread to the joblib workers.
  warnings.warn(
C:\Users\Mo7AmjMiro\AppData\Roaming\Python\Python314\site-packages\sklearn\utils\parallel.py:144: UserWarning: `sklearn.utils.parallel.delayed` should be used with `sklearn.utils.parallel.Parallel` to make it possible to propagate the scikit-learn configuration of the current thread to the joblib workers.
  warnings.warn(
C:\Users\Mo7AmjMiro\AppData\Roaming\Python\Python314\site-packages\sklearn\utils\parallel.py:144: UserWarning: `sklearn.utils.parallel.delayed` should be used with `sklearn.utils.parallel.Parallel` to make it possible to propagate the scikit-learn configuration of the current thread to the joblib workers.
  warnings.warn(
C:\Users\Mo7AmjMiro\AppData\Roaming\Python\Python314\site-packages\sklearn\utils\parallel.py:144: UserWarning: `sklearn.utils.parallel.delayed` should be used with `sklearn.utils.parallel.Parallel` to make it possible to propagate the scikit-learn configuration of the current thread to the joblib workers.
  warnings.warn(
C:\Users\Mo7AmjMiro\AppData\Roaming\Python\Python314\site-packages\sklearn\utils\parallel.py:144: UserWarning: `sklearn.utils.parallel.delayed` should be used with `sklearn.utils.parallel.Parallel` to make it possible to propagate the scikit-learn configuration of the current thread to the joblib workers.
  warnings.warn(
C:\Users\Mo7AmjMiro\AppData\Roaming\Python\Python314\site-packages\sklearn\utils\parallel.py:144: UserWarning: `sklearn.utils.parallel.delayed` should be used with `sklearn.utils.parallel.Parallel` to make it possible to propagate the scikit-learn configuration of the current thread to the joblib workers.
  warnings.warn(
C:\Users\Mo7AmjMiro\AppData\Roaming\Python\Python314\site-packages\sklearn\utils\parallel.py:144: UserWarning: `sklearn.utils.parallel.delayed` should be used with `sklearn.utils.parallel.Parallel` to make it possible to propagate the scikit-learn configuration of the current thread to the joblib workers.
  warnings.warn(
C:\Users\Mo7AmjMiro\AppData\Roaming\Python\Python314\site-packages\sklearn\utils\parallel.py:144: UserWarning: `sklearn.utils.parallel.delayed` should be used with `sklearn.utils.parallel.Parallel` to make it possible to propagate the scikit-learn configuration of the current thread to the joblib workers.
  warnings.warn(
C:\Users\Mo7AmjMiro\AppData\Roaming\Python\Python314\site-packages\sklearn\utils\parallel.py:144: UserWarning: `sklearn.utils.parallel.delayed` should be used with `sklearn.utils.parallel.Parallel` to make it possible to propagate the scikit-learn configuration of the current thread to the joblib workers.
  warnings.warn(
C:\Users\Mo7AmjMiro\AppData\Roaming\Python\Python314\site-packages\sklearn\utils\parallel.py:144: UserWarning: `sklearn.utils.parallel.delayed` should be used with `sklearn.utils.parallel.Parallel` to make it possible to propagate the scikit-learn configuration of the current thread to the joblib workers.
  warnings.warn(
C:\Users\Mo7AmjMiro\AppData\Roaming\Python\Python314\site-packages\sklearn\utils\parallel.py:144: UserWarning: `sklearn.utils.parallel.delayed` should be used with `sklearn.utils.parallel.Parallel` to make it possible to propagate the scikit-learn configuration of the current thread to the joblib workers.
  warnings.warn(
C:\Users\Mo7AmjMiro\AppData\Roaming\Python\Python314\site-packages\sklearn\utils\parallel.py:144: UserWarning: `sklearn.utils.parallel.delayed` should be used with `sklearn.utils.parallel.Parallel` to make it possible to propagate the scikit-learn configuration of the current thread to the joblib workers.
  warnings.warn(
C:\Users\Mo7AmjMiro\AppData\Roaming\Python\Python314\site-packages\sklearn\utils\parallel.py:144: UserWarning: `sklearn.utils.parallel.delayed` should be used with `sklearn.utils.parallel.Parallel` to make it possible to propagate the scikit-learn configuration of the current thread to the joblib workers.
  warnings.warn(
C:\Users\Mo7AmjMiro\AppData\Roaming\Python\Python314\site-packages\sklearn\utils\parallel.py:144: UserWarning: `sklearn.utils.parallel.delayed` should be used with `sklearn.utils.parallel.Parallel` to make it possible to propagate the scikit-learn configuration of the current thread to the joblib workers.
  warnings.warn(
C:\Users\Mo7AmjMiro\AppData\Roaming\Python\Python314\site-packages\sklearn\utils\parallel.py:144: UserWarning: `sklearn.utils.parallel.delayed` should be used with `sklearn.utils.parallel.Parallel` to make it possible to propagate the scikit-learn configuration of the current thread to the joblib workers.
  warnings.warn(
C:\Users\Mo7AmjMiro\AppData\Roaming\Python\Python314\site-packages\sklearn\utils\parallel.py:144: UserWarning: `sklearn.utils.parallel.delayed` should be used with `sklearn.utils.parallel.Parallel` to make it possible to propagate the scikit-learn configuration of the current thread to the joblib workers.
  warnings.warn(
C:\Users\Mo7AmjMiro\AppData\Roaming\Python\Python314\site-packages\sklearn\utils\parallel.py:144: UserWarning: `sklearn.utils.parallel.delayed` should be used with `sklearn.utils.parallel.Parallel` to make it possible to propagate the scikit-learn configuration of the current thread to the joblib workers.
  warnings.warn(
C:\Users\Mo7AmjMiro\AppData\Roaming\Python\Python314\site-packages\sklearn\utils\parallel.py:144: UserWarning: `sklearn.utils.parallel.delayed` should be used with `sklearn.utils.parallel.Parallel` to make it possible to propagate the scikit-learn configuration of the current thread to the joblib workers.
  warnings.warn(
C:\Users\Mo7AmjMiro\AppData\Roaming\Python\Python314\site-packages\sklearn\utils\parallel.py:144: UserWarning: `sklearn.utils.parallel.delayed` should be used with `sklearn.utils.parallel.Parallel` to make it possible to propagate the scikit-learn configuration of the current thread to the joblib workers.
  warnings.warn(
C:\Users\Mo7AmjMiro\AppData\Roaming\Python\Python314\site-packages\sklearn\utils\parallel.py:144: UserWarning: `sklearn.utils.parallel.delayed` should be used with `sklearn.utils.parallel.Parallel` to make it possible to propagate the scikit-learn configuration of the current thread to the joblib workers.
  warnings.warn(
C:\Users\Mo7AmjMiro\AppData\Roaming\Python\Python314\site-packages\sklearn\utils\parallel.py:144: UserWarning: `sklearn.utils.parallel.delayed` should be used with `sklearn.utils.parallel.Parallel` to make it possible to propagate the scikit-learn configuration of the current thread to the joblib workers.
  warnings.warn(
C:\Users\Mo7AmjMiro\AppData\Roaming\Python\Python314\site-packages\sklearn\utils\parallel.py:144: UserWarning: `sklearn.utils.parallel.delayed` should be used with `sklearn.utils.parallel.Parallel` to make it possible to propagate the scikit-learn configuration of the current thread to the joblib workers.
  warnings.warn(
C:\Users\Mo7AmjMiro\AppData\Roaming\Python\Python314\site-packages\sklearn\utils\parallel.py:144: UserWarning: `sklearn.utils.parallel.delayed` should be used with `sklearn.utils.parallel.Parallel` to make it possible to propagate the scikit-learn configuration of the current thread to the joblib workers.
  warnings.warn(
C:\Users\Mo7AmjMiro\AppData\Roaming\Python\Python314\site-packages\sklearn\utils\parallel.py:144: UserWarning: `sklearn.utils.parallel.delayed` should be used with `sklearn.utils.parallel.Parallel` to make it possible to propagate the scikit-learn configuration of the current thread to the joblib workers.
  warnings.warn(
C:\Users\Mo7AmjMiro\AppData\Roaming\Python\Python314\site-packages\sklearn\utils\parallel.py:144: UserWarning: `sklearn.utils.parallel.delayed` should be used with `sklearn.utils.parallel.Parallel` to make it possible to propagate the scikit-learn configuration of the current thread to the joblib workers.
  warnings.warn(
C:\Users\Mo7AmjMiro\AppData\Roaming\Python\Python314\site-packages\sklearn\utils\parallel.py:144: UserWarning: `sklearn.utils.parallel.delayed` should be used with `sklearn.utils.parallel.Parallel` to make it possible to propagate the scikit-learn configuration of the current thread to the joblib workers.
  warnings.warn(
C:\Users\Mo7AmjMiro\AppData\Roaming\Python\Python314\site-packages\sklearn\utils\parallel.py:144: UserWarning: `sklearn.utils.parallel.delayed` should be used with `sklearn.utils.parallel.Parallel` to make it possible to propagate the scikit-learn configuration of the current thread to the joblib workers.
  warnings.warn(
C:\Users\Mo7AmjMiro\AppData\Roaming\Python\Python314\site-packages\sklearn\utils\parallel.py:144: UserWarning: `sklearn.utils.parallel.delayed` should be used with `sklearn.utils.parallel.Parallel` to make it possible to propagate the scikit-learn configuration of the current thread to the joblib workers.
  warnings.warn(
C:\Users\Mo7AmjMiro\AppData\Roaming\Python\Python314\site-packages\sklearn\utils\parallel.py:144: UserWarning: `sklearn.utils.parallel.delayed` should be used with `sklearn.utils.parallel.Parallel` to make it possible to propagate the scikit-learn configuration of the current thread to the joblib workers.
  warnings.warn(
C:\Users\Mo7AmjMiro\AppData\Roaming\Python\Python314\site-packages\sklearn\utils\parallel.py:144: UserWarning: `sklearn.utils.parallel.delayed` should be used with `sklearn.utils.parallel.Parallel` to make it possible to propagate the scikit-learn configuration of the current thread to the joblib workers.
  warnings.warn(
C:\Users\Mo7AmjMiro\AppData\Roaming\Python\Python314\site-packages\sklearn\utils\parallel.py:144: UserWarning: `sklearn.utils.parallel.delayed` should be used with `sklearn.utils.parallel.Parallel` to make it possible to propagate the scikit-learn configuration of the current thread to the joblib workers.
  warnings.warn(
C:\Users\Mo7AmjMiro\AppData\Roaming\Python\Python314\site-packages\sklearn\utils\parallel.py:144: UserWarning: `sklearn.utils.parallel.delayed` should be used with `sklearn.utils.parallel.Parallel` to make it possible to propagate the scikit-learn configuration of the current thread to the joblib workers.
  warnings.warn(
C:\Users\Mo7AmjMiro\AppData\Roaming\Python\Python314\site-packages\sklearn\utils\parallel.py:144: UserWarning: `sklearn.utils.parallel.delayed` should be used with `sklearn.utils.parallel.Parallel` to make it possible to propagate the scikit-learn configuration of the current thread to the joblib workers.
  warnings.warn(
C:\Users\Mo7AmjMiro\AppData\Roaming\Python\Python314\site-packages\sklearn\utils\parallel.py:144: UserWarning: `sklearn.utils.parallel.delayed` should be used with `sklearn.utils.parallel.Parallel` to make it possible to propagate the scikit-learn configuration of the current thread to the joblib workers.
  warnings.warn(
C:\Users\Mo7AmjMiro\AppData\Roaming\Python\Python314\site-packages\sklearn\utils\parallel.py:144: UserWarning: `sklearn.utils.parallel.delayed` should be used with `sklearn.utils.parallel.Parallel` to make it possible to propagate the scikit-learn configuration of the current thread to the joblib workers.
  warnings.warn(
C:\Users\Mo7AmjMiro\AppData\Roaming\Python\Python314\site-packages\sklearn\utils\parallel.py:144: UserWarning: `sklearn.utils.parallel.delayed` should be used with `sklearn.utils.parallel.Parallel` to make it possible to propagate the scikit-learn configuration of the current thread to the joblib workers.
  warnings.warn(
C:\Users\Mo7AmjMiro\AppData\Roaming\Python\Python314\site-packages\sklearn\utils\parallel.py:144: UserWarning: `sklearn.utils.parallel.delayed` should be used with `sklearn.utils.parallel.Parallel` to make it possible to propagate the scikit-learn configuration of the current thread to the joblib workers.
  warnings.warn(
C:\Users\Mo7AmjMiro\AppData\Roaming\Python\Python314\site-packages\sklearn\utils\parallel.py:144: UserWarning: `sklearn.utils.parallel.delayed` should be used with `sklearn.utils.parallel.Parallel` to make it possible to propagate the scikit-learn configuration of the current thread to the joblib workers.
  warnings.warn(
C:\Users\Mo7AmjMiro\AppData\Roaming\Python\Python314\site-packages\sklearn\utils\parallel.py:144: UserWarning: `sklearn.utils.parallel.delayed` should be used with `sklearn.utils.parallel.Parallel` to make it possible to propagate the scikit-learn configuration of the current thread to the joblib workers.
  warnings.warn(
C:\Users\Mo7AmjMiro\AppData\Roaming\Python\Python314\site-packages\sklearn\utils\parallel.py:144: UserWarning: `sklearn.utils.parallel.delayed` should be used with `sklearn.utils.parallel.Parallel` to make it possible to propagate the scikit-learn configuration of the current thread to the joblib workers.
  warnings.warn(
C:\Users\Mo7AmjMiro\AppData\Roaming\Python\Python314\site-packages\sklearn\utils\parallel.py:144: UserWarning: `sklearn.utils.parallel.delayed` should be used with `sklearn.utils.parallel.Parallel` to make it possible to propagate the scikit-learn configuration of the current thread to the joblib workers.
  warnings.warn(
C:\Users\Mo7AmjMiro\AppData\Roaming\Python\Python314\site-packages\sklearn\utils\parallel.py:144: UserWarning: `sklearn.utils.parallel.delayed` should be used with `sklearn.utils.parallel.Parallel` to make it possible to propagate the scikit-learn configuration of the current thread to the joblib workers.
  warnings.warn(
C:\Users\Mo7AmjMiro\AppData\Roaming\Python\Python314\site-packages\sklearn\utils\parallel.py:144: UserWarning: `sklearn.utils.parallel.delayed` should be used with `sklearn.utils.parallel.Parallel` to make it possible to propagate the scikit-learn configuration of the current thread to the joblib workers.
  warnings.warn(
C:\Users\Mo7AmjMiro\AppData\Roaming\Python\Python314\site-packages\sklearn\utils\parallel.py:144: UserWarning: `sklearn.utils.parallel.delayed` should be used with `sklearn.utils.parallel.Parallel` to make it possible to propagate the scikit-learn configuration of the current thread to the joblib workers.
  warnings.warn(
C:\Users\Mo7AmjMiro\AppData\Roaming\Python\Python314\site-packages\sklearn\utils\parallel.py:144: UserWarning: `sklearn.utils.parallel.delayed` should be used with `sklearn.utils.parallel.Parallel` to make it possible to propagate the scikit-learn configuration of the current thread to the joblib workers.
  warnings.warn(
C:\Users\Mo7AmjMiro\AppData\Roaming\Python\Python314\site-packages\sklearn\utils\parallel.py:144: UserWarning: `sklearn.utils.parallel.delayed` should be used with `sklearn.utils.parallel.Parallel` to make it possible to propagate the scikit-learn configuration of the current thread to the joblib workers.
  warnings.warn(
C:\Users\Mo7AmjMiro\AppData\Roaming\Python\Python314\site-packages\sklearn\utils\parallel.py:144: UserWarning: `sklearn.utils.parallel.delayed` should be used with `sklearn.utils.parallel.Parallel` to make it possible to propagate the scikit-learn configuration of the current thread to the joblib workers.
  warnings.warn(
C:\Users\Mo7AmjMiro\AppData\Roaming\Python\Python314\site-packages\sklearn\utils\parallel.py:144: UserWarning: `sklearn.utils.parallel.delayed` should be used with `sklearn.utils.parallel.Parallel` to make it possible to propagate the scikit-learn configuration of the current thread to the joblib workers.
  warnings.warn(
C:\Users\Mo7AmjMiro\AppData\Roaming\Python\Python314\site-packages\sklearn\utils\parallel.py:144: UserWarning: `sklearn.utils.parallel.delayed` should be used with `sklearn.utils.parallel.Parallel` to make it possible to propagate the scikit-learn configuration of the current thread to the joblib workers.
  warnings.warn(
C:\Users\Mo7AmjMiro\AppData\Roaming\Python\Python314\site-packages\sklearn\utils\parallel.py:144: UserWarning: `sklearn.utils.parallel.delayed` should be used with `sklearn.utils.parallel.Parallel` to make it possible to propagate the scikit-learn configuration of the current thread to the joblib workers.
  warnings.warn(
C:\Users\Mo7AmjMiro\AppData\Roaming\Python\Python314\site-packages\sklearn\utils\parallel.py:144: UserWarning: `sklearn.utils.parallel.delayed` should be used with `sklearn.utils.parallel.Parallel` to make it possible to propagate the scikit-learn configuration of the current thread to the joblib workers.
  warnings.warn(
C:\Users\Mo7AmjMiro\AppData\Roaming\Python\Python314\site-packages\sklearn\utils\parallel.py:144: UserWarning: `sklearn.utils.parallel.delayed` should be used with `sklearn.utils.parallel.Parallel` to make it possible to propagate the scikit-learn configuration of the current thread to the joblib workers.
  warnings.warn(
C:\Users\Mo7AmjMiro\AppData\Roaming\Python\Python314\site-packages\sklearn\utils\parallel.py:144: UserWarning: `sklearn.utils.parallel.delayed` should be used with `sklearn.utils.parallel.Parallel` to make it possible to propagate the scikit-learn configuration of the current thread to the joblib workers.
  warnings.warn(
C:\Users\Mo7AmjMiro\AppData\Roaming\Python\Python314\site-packages\sklearn\utils\parallel.py:144: UserWarning: `sklearn.utils.parallel.delayed` should be used with `sklearn.utils.parallel.Parallel` to make it possible to propagate the scikit-learn configuration of the current thread to the joblib workers.
  warnings.warn(
C:\Users\Mo7AmjMiro\AppData\Roaming\Python\Python314\site-packages\sklearn\utils\parallel.py:144: UserWarning: `sklearn.utils.parallel.delayed` should be used with `sklearn.utils.parallel.Parallel` to make it possible to propagate the scikit-learn configuration of the current thread to the joblib workers.
  warnings.warn(
C:\Users\Mo7AmjMiro\AppData\Roaming\Python\Python314\site-packages\sklearn\utils\parallel.py:144: UserWarning: `sklearn.utils.parallel.delayed` should be used with `sklearn.utils.parallel.Parallel` to make it possible to propagate the scikit-learn configuration of the current thread to the joblib workers.
  warnings.warn(
C:\Users\Mo7AmjMiro\AppData\Roaming\Python\Python314\site-packages\sklearn\utils\parallel.py:144: UserWarning: `sklearn.utils.parallel.delayed` should be used with `sklearn.utils.parallel.Parallel` to make it possible to propagate the scikit-learn configuration of the current thread to the joblib workers.
  warnings.warn(
C:\Users\Mo7AmjMiro\AppData\Roaming\Python\Python314\site-packages\sklearn\utils\parallel.py:144: UserWarning: `sklearn.utils.parallel.delayed` should be used with `sklearn.utils.parallel.Parallel` to make it possible to propagate the scikit-learn configuration of the current thread to the joblib workers.
  warnings.warn(
C:\Users\Mo7AmjMiro\AppData\Roaming\Python\Python314\site-packages\sklearn\utils\parallel.py:144: UserWarning: `sklearn.utils.parallel.delayed` should be used with `sklearn.utils.parallel.Parallel` to make it possible to propagate the scikit-learn configuration of the current thread to the joblib workers.
  warnings.warn(
C:\Users\Mo7AmjMiro\AppData\Roaming\Python\Python314\site-packages\sklearn\utils\parallel.py:144: UserWarning: `sklearn.utils.parallel.delayed` should be used with `sklearn.utils.parallel.Parallel` to make it possible to propagate the scikit-learn configuration of the current thread to the joblib workers.
  warnings.warn(
C:\Users\Mo7AmjMiro\AppData\Roaming\Python\Python314\site-packages\sklearn\utils\parallel.py:144: UserWarning: `sklearn.utils.parallel.delayed` should be used with `sklearn.utils.parallel.Parallel` to make it possible to propagate the scikit-learn configuration of the current thread to the joblib workers.
  warnings.warn(
C:\Users\Mo7AmjMiro\AppData\Roaming\Python\Python314\site-packages\sklearn\utils\parallel.py:144: UserWarning: `sklearn.utils.parallel.delayed` should be used with `sklearn.utils.parallel.Parallel` to make it possible to propagate the scikit-learn configuration of the current thread to the joblib workers.
  warnings.warn(
C:\Users\Mo7AmjMiro\AppData\Roaming\Python\Python314\site-packages\sklearn\utils\parallel.py:144: UserWarning: `sklearn.utils.parallel.delayed` should be used with `sklearn.utils.parallel.Parallel` to make it possible to propagate the scikit-learn configuration of the current thread to the joblib workers.
  warnings.warn(
C:\Users\Mo7AmjMiro\AppData\Roaming\Python\Python314\site-packages\sklearn\utils\parallel.py:144: UserWarning: `sklearn.utils.parallel.delayed` should be used with `sklearn.utils.parallel.Parallel` to make it possible to propagate the scikit-learn configuration of the current thread to the joblib workers.
  warnings.warn(
C:\Users\Mo7AmjMiro\AppData\Roaming\Python\Python314\site-packages\sklearn\utils\parallel.py:144: UserWarning: `sklearn.utils.parallel.delayed` should be used with `sklearn.utils.parallel.Parallel` to make it possible to propagate the scikit-learn configuration of the current thread to the joblib workers.
  warnings.warn(
C:\Users\Mo7AmjMiro\AppData\Roaming\Python\Python314\site-packages\sklearn\utils\parallel.py:144: UserWarning: `sklearn.utils.parallel.delayed` should be used with `sklearn.utils.parallel.Parallel` to make it possible to propagate the scikit-learn configuration of the current thread to the joblib workers.
  warnings.warn(
C:\Users\Mo7AmjMiro\AppData\Roaming\Python\Python314\site-packages\sklearn\utils\parallel.py:144: UserWarning: `sklearn.utils.parallel.delayed` should be used with `sklearn.utils.parallel.Parallel` to make it possible to propagate the scikit-learn configuration of the current thread to the joblib workers.
  warnings.warn(
C:\Users\Mo7AmjMiro\AppData\Roaming\Python\Python314\site-packages\sklearn\utils\parallel.py:144: UserWarning: `sklearn.utils.parallel.delayed` should be used with `sklearn.utils.parallel.Parallel` to make it possible to propagate the scikit-learn configuration of the current thread to the joblib workers.
  warnings.warn(
C:\Users\Mo7AmjMiro\AppData\Roaming\Python\Python314\site-packages\sklearn\utils\parallel.py:144: UserWarning: `sklearn.utils.parallel.delayed` should be used with `sklearn.utils.parallel.Parallel` to make it possible to propagate the scikit-learn configuration of the current thread to the joblib workers.
  warnings.warn(
C:\Users\Mo7AmjMiro\AppData\Roaming\Python\Python314\site-packages\sklearn\utils\parallel.py:144: UserWarning: `sklearn.utils.parallel.delayed` should be used with `sklearn.utils.parallel.Parallel` to make it possible to propagate the scikit-learn configuration of the current thread to the joblib workers.
  warnings.warn(
C:\Users\Mo7AmjMiro\AppData\Roaming\Python\Python314\site-packages\sklearn\utils\parallel.py:144: UserWarning: `sklearn.utils.parallel.delayed` should be used with `sklearn.utils.parallel.Parallel` to make it possible to propagate the scikit-learn configuration of the current thread to the joblib workers.
  warnings.warn(
C:\Users\Mo7AmjMiro\AppData\Roaming\Python\Python314\site-packages\sklearn\utils\parallel.py:144: UserWarning: `sklearn.utils.parallel.delayed` should be used with `sklearn.utils.parallel.Parallel` to make it possible to propagate the scikit-learn configuration of the current thread to the joblib workers.
  warnings.warn(
C:\Users\Mo7AmjMiro\AppData\Roaming\Python\Python314\site-packages\sklearn\utils\parallel.py:144: UserWarning: `sklearn.utils.parallel.delayed` should be used with `sklearn.utils.parallel.Parallel` to make it possible to propagate the scikit-learn configuration of the current thread to the joblib workers.
  warnings.warn(
C:\Users\Mo7AmjMiro\AppData\Roaming\Python\Python314\site-packages\sklearn\utils\parallel.py:144: UserWarning: `sklearn.utils.parallel.delayed` should be used with `sklearn.utils.parallel.Parallel` to make it possible to propagate the scikit-learn configuration of the current thread to the joblib workers.
  warnings.warn(
C:\Users\Mo7AmjMiro\AppData\Roaming\Python\Python314\site-packages\sklearn\utils\parallel.py:144: UserWarning: `sklearn.utils.parallel.delayed` should be used with `sklearn.utils.parallel.Parallel` to make it possible to propagate the scikit-learn configuration of the current thread to the joblib workers.
  warnings.warn(
C:\Users\Mo7AmjMiro\AppData\Roaming\Python\Python314\site-packages\sklearn\utils\parallel.py:144: UserWarning: `sklearn.utils.parallel.delayed` should be used with `sklearn.utils.parallel.Parallel` to make it possible to propagate the scikit-learn configuration of the current thread to the joblib workers.
  warnings.warn(
C:\Users\Mo7AmjMiro\AppData\Roaming\Python\Python314\site-packages\sklearn\utils\parallel.py:144: UserWarning: `sklearn.utils.parallel.delayed` should be used with `sklearn.utils.parallel.Parallel` to make it possible to propagate the scikit-learn configuration of the current thread to the joblib workers.
  warnings.warn(
C:\Users\Mo7AmjMiro\AppData\Roaming\Python\Python314\site-packages\sklearn\utils\parallel.py:144: UserWarning: `sklearn.utils.parallel.delayed` should be used with `sklearn.utils.parallel.Parallel` to make it possible to propagate the scikit-learn configuration of the current thread to the joblib workers.
  warnings.warn(
C:\Users\Mo7AmjMiro\AppData\Roaming\Python\Python314\site-packages\sklearn\utils\parallel.py:144: UserWarning: `sklearn.utils.parallel.delayed` should be used with `sklearn.utils.parallel.Parallel` to make it possible to propagate the scikit-learn configuration of the current thread to the joblib workers.
  warnings.warn(
C:\Users\Mo7AmjMiro\AppData\Roaming\Python\Python314\site-packages\sklearn\utils\parallel.py:144: UserWarning: `sklearn.utils.parallel.delayed` should be used with `sklearn.utils.parallel.Parallel` to make it possible to propagate the scikit-learn configuration of the current thread to the joblib workers.
  warnings.warn(
C:\Users\Mo7AmjMiro\AppData\Roaming\Python\Python314\site-packages\sklearn\utils\parallel.py:144: UserWarning: `sklearn.utils.parallel.delayed` should be used with `sklearn.utils.parallel.Parallel` to make it possible to propagate the scikit-learn configuration of the current thread to the joblib workers.
  warnings.warn(
C:\Users\Mo7AmjMiro\AppData\Roaming\Python\Python314\site-packages\sklearn\utils\parallel.py:144: UserWarning: `sklearn.utils.parallel.delayed` should be used with `sklearn.utils.parallel.Parallel` to make it possible to propagate the scikit-learn configuration of the current thread to the joblib workers.
  warnings.warn(
C:\Users\Mo7AmjMiro\AppData\Roaming\Python\Python314\site-packages\sklearn\utils\parallel.py:144: UserWarning: `sklearn.utils.parallel.delayed` should be used with `sklearn.utils.parallel.Parallel` to make it possible to propagate the scikit-learn configuration of the current thread to the joblib workers.
  warnings.warn(
C:\Users\Mo7AmjMiro\AppData\Roaming\Python\Python314\site-packages\sklearn\utils\parallel.py:144: UserWarning: `sklearn.utils.parallel.delayed` should be used with `sklearn.utils.parallel.Parallel` to make it possible to propagate the scikit-learn configuration of the current thread to the joblib workers.
  warnings.warn(
C:\Users\Mo7AmjMiro\AppData\Roaming\Python\Python314\site-packages\sklearn\utils\parallel.py:144: UserWarning: `sklearn.utils.parallel.delayed` should be used with `sklearn.utils.parallel.Parallel` to make it possible to propagate the scikit-learn configuration of the current thread to the joblib workers.
  warnings.warn(
C:\Users\Mo7AmjMiro\AppData\Roaming\Python\Python314\site-packages\sklearn\utils\parallel.py:144: UserWarning: `sklearn.utils.parallel.delayed` should be used with `sklearn.utils.parallel.Parallel` to make it possible to propagate the scikit-learn configuration of the current thread to the joblib workers.
  warnings.warn(
C:\Users\Mo7AmjMiro\AppData\Roaming\Python\Python314\site-packages\sklearn\utils\parallel.py:144: UserWarning: `sklearn.utils.parallel.delayed` should be used with `sklearn.utils.parallel.Parallel` to make it possible to propagate the scikit-learn configuration of the current thread to the joblib workers.
  warnings.warn(
C:\Users\Mo7AmjMiro\AppData\Roaming\Python\Python314\site-packages\sklearn\utils\parallel.py:144: UserWarning: `sklearn.utils.parallel.delayed` should be used with `sklearn.utils.parallel.Parallel` to make it possible to propagate the scikit-learn configuration of the current thread to the joblib workers.
  warnings.warn(
C:\Users\Mo7AmjMiro\AppData\Roaming\Python\Python314\site-packages\sklearn\utils\parallel.py:144: UserWarning: `sklearn.utils.parallel.delayed` should be used with `sklearn.utils.parallel.Parallel` to make it possible to propagate the scikit-learn configuration of the current thread to the joblib workers.
  warnings.warn(
C:\Users\Mo7AmjMiro\AppData\Roaming\Python\Python314\site-packages\sklearn\utils\parallel.py:144: UserWarning: `sklearn.utils.parallel.delayed` should be used with `sklearn.utils.parallel.Parallel` to make it possible to propagate the scikit-learn configuration of the current thread to the joblib workers.
  warnings.warn(
C:\Users\Mo7AmjMiro\AppData\Roaming\Python\Python314\site-packages\sklearn\utils\parallel.py:144: UserWarning: `sklearn.utils.parallel.delayed` should be used with `sklearn.utils.parallel.Parallel` to make it possible to propagate the scikit-learn configuration of the current thread to the joblib workers.
  warnings.warn(
C:\Users\Mo7AmjMiro\AppData\Roaming\Python\Python314\site-packages\sklearn\utils\parallel.py:144: UserWarning: `sklearn.utils.parallel.delayed` should be used with `sklearn.utils.parallel.Parallel` to make it possible to propagate the scikit-learn configuration of the current thread to the joblib workers.
  warnings.warn(
C:\Users\Mo7AmjMiro\AppData\Roaming\Python\Python314\site-packages\sklearn\utils\parallel.py:144: UserWarning: `sklearn.utils.parallel.delayed` should be used with `sklearn.utils.parallel.Parallel` to make it possible to propagate the scikit-learn configuration of the current thread to the joblib workers.
  warnings.warn(
C:\Users\Mo7AmjMiro\AppData\Roaming\Python\Python314\site-packages\sklearn\utils\parallel.py:144: UserWarning: `sklearn.utils.parallel.delayed` should be used with `sklearn.utils.parallel.Parallel` to make it possible to propagate the scikit-learn configuration of the current thread to the joblib workers.
  warnings.warn(
C:\Users\Mo7AmjMiro\AppData\Roaming\Python\Python314\site-packages\sklearn\utils\parallel.py:144: UserWarning: `sklearn.utils.parallel.delayed` should be used with `sklearn.utils.parallel.Parallel` to make it possible to propagate the scikit-learn configuration of the current thread to the joblib workers.
  warnings.warn(
C:\Users\Mo7AmjMiro\AppData\Roaming\Python\Python314\site-packages\sklearn\utils\parallel.py:144: UserWarning: `sklearn.utils.parallel.delayed` should be used with `sklearn.utils.parallel.Parallel` to make it possible to propagate the scikit-learn configuration of the current thread to the joblib workers.
  warnings.warn(
C:\Users\Mo7AmjMiro\AppData\Roaming\Python\Python314\site-packages\sklearn\utils\parallel.py:144: UserWarning: `sklearn.utils.parallel.delayed` should be used with `sklearn.utils.parallel.Parallel` to make it possible to propagate the scikit-learn configuration of the current thread to the joblib workers.
  warnings.warn(
C:\Users\Mo7AmjMiro\AppData\Roaming\Python\Python314\site-packages\sklearn\utils\parallel.py:144: UserWarning: `sklearn.utils.parallel.delayed` should be used with `sklearn.utils.parallel.Parallel` to make it possible to propagate the scikit-learn configuration of the current thread to the joblib workers.
  warnings.warn(
C:\Users\Mo7AmjMiro\AppData\Roaming\Python\Python314\site-packages\sklearn\utils\parallel.py:144: UserWarning: `sklearn.utils.parallel.delayed` should be used with `sklearn.utils.parallel.Parallel` to make it possible to propagate the scikit-learn configuration of the current thread to the joblib workers.
  warnings.warn(
C:\Users\Mo7AmjMiro\AppData\Roaming\Python\Python314\site-packages\sklearn\utils\parallel.py:144: UserWarning: `sklearn.utils.parallel.delayed` should be used with `sklearn.utils.parallel.Parallel` to make it possible to propagate the scikit-learn configuration of the current thread to the joblib workers.
  warnings.warn(
C:\Users\Mo7AmjMiro\AppData\Roaming\Python\Python314\site-packages\sklearn\utils\parallel.py:144: UserWarning: `sklearn.utils.parallel.delayed` should be used with `sklearn.utils.parallel.Parallel` to make it possible to propagate the scikit-learn configuration of the current thread to the joblib workers.
  warnings.warn(
C:\Users\Mo7AmjMiro\AppData\Roaming\Python\Python314\site-packages\sklearn\utils\parallel.py:144: UserWarning: `sklearn.utils.parallel.delayed` should be used with `sklearn.utils.parallel.Parallel` to make it possible to propagate the scikit-learn configuration of the current thread to the joblib workers.
  warnings.warn(
C:\Users\Mo7AmjMiro\AppData\Roaming\Python\Python314\site-packages\sklearn\utils\parallel.py:144: UserWarning: `sklearn.utils.parallel.delayed` should be used with `sklearn.utils.parallel.Parallel` to make it possible to propagate the scikit-learn configuration of the current thread to the joblib workers.
  warnings.warn(
C:\Users\Mo7AmjMiro\AppData\Roaming\Python\Python314\site-packages\sklearn\utils\parallel.py:144: UserWarning: `sklearn.utils.parallel.delayed` should be used with `sklearn.utils.parallel.Parallel` to make it possible to propagate the scikit-learn configuration of the current thread to the joblib workers.
  warnings.warn(
C:\Users\Mo7AmjMiro\AppData\Roaming\Python\Python314\site-packages\sklearn\utils\parallel.py:144: UserWarning: `sklearn.utils.parallel.delayed` should be used with `sklearn.utils.parallel.Parallel` to make it possible to propagate the scikit-learn configuration of the current thread to the joblib workers.
  warnings.warn(
C:\Users\Mo7AmjMiro\AppData\Roaming\Python\Python314\site-packages\sklearn\utils\parallel.py:144: UserWarning: `sklearn.utils.parallel.delayed` should be used with `sklearn.utils.parallel.Parallel` to make it possible to propagate the scikit-learn configuration of the current thread to the joblib workers.
  warnings.warn(
C:\Users\Mo7AmjMiro\AppData\Roaming\Python\Python314\site-packages\sklearn\utils\parallel.py:144: UserWarning: `sklearn.utils.parallel.delayed` should be used with `sklearn.utils.parallel.Parallel` to make it possible to propagate the scikit-learn configuration of the current thread to the joblib workers.
  warnings.warn(
C:\Users\Mo7AmjMiro\AppData\Roaming\Python\Python314\site-packages\sklearn\utils\parallel.py:144: UserWarning: `sklearn.utils.parallel.delayed` should be used with `sklearn.utils.parallel.Parallel` to make it possible to propagate the scikit-learn configuration of the current thread to the joblib workers.
  warnings.warn(
C:\Users\Mo7AmjMiro\AppData\Roaming\Python\Python314\site-packages\sklearn\utils\parallel.py:144: UserWarning: `sklearn.utils.parallel.delayed` should be used with `sklearn.utils.parallel.Parallel` to make it possible to propagate the scikit-learn configuration of the current thread to the joblib workers.
  warnings.warn(
C:\Users\Mo7AmjMiro\AppData\Roaming\Python\Python314\site-packages\sklearn\utils\parallel.py:144: UserWarning: `sklearn.utils.parallel.delayed` should be used with `sklearn.utils.parallel.Parallel` to make it possible to propagate the scikit-learn configuration of the current thread to the joblib workers.
  warnings.warn(
C:\Users\Mo7AmjMiro\AppData\Roaming\Python\Python314\site-packages\sklearn\utils\parallel.py:144: UserWarning: `sklearn.utils.parallel.delayed` should be used with `sklearn.utils.parallel.Parallel` to make it possible to propagate the scikit-learn configuration of the current thread to the joblib workers.
  warnings.warn(
C:\Users\Mo7AmjMiro\AppData\Roaming\Python\Python314\site-packages\sklearn\utils\parallel.py:144: UserWarning: `sklearn.utils.parallel.delayed` should be used with `sklearn.utils.parallel.Parallel` to make it possible to propagate the scikit-learn configuration of the current thread to the joblib workers.
  warnings.warn(
C:\Users\Mo7AmjMiro\AppData\Roaming\Python\Python314\site-packages\sklearn\utils\parallel.py:144: UserWarning: `sklearn.utils.parallel.delayed` should be used with `sklearn.utils.parallel.Parallel` to make it possible to propagate the scikit-learn configuration of the current thread to the joblib workers.
  warnings.warn(
C:\Users\Mo7AmjMiro\AppData\Roaming\Python\Python314\site-packages\sklearn\utils\parallel.py:144: UserWarning: `sklearn.utils.parallel.delayed` should be used with `sklearn.utils.parallel.Parallel` to make it possible to propagate the scikit-learn configuration of the current thread to the joblib workers.
  warnings.warn(
C:\Users\Mo7AmjMiro\AppData\Roaming\Python\Python314\site-packages\sklearn\utils\parallel.py:144: UserWarning: `sklearn.utils.parallel.delayed` should be used with `sklearn.utils.parallel.Parallel` to make it possible to propagate the scikit-learn configuration of the current thread to the joblib workers.
  warnings.warn(
C:\Users\Mo7AmjMiro\AppData\Roaming\Python\Python314\site-packages\sklearn\utils\parallel.py:144: UserWarning: `sklearn.utils.parallel.delayed` should be used with `sklearn.utils.parallel.Parallel` to make it possible to propagate the scikit-learn configuration of the current thread to the joblib workers.
  warnings.warn(
C:\Users\Mo7AmjMiro\AppData\Roaming\Python\Python314\site-packages\sklearn\utils\parallel.py:144: UserWarning: `sklearn.utils.parallel.delayed` should be used with `sklearn.utils.parallel.Parallel` to make it possible to propagate the scikit-learn configuration of the current thread to the joblib workers.
  warnings.warn(
C:\Users\Mo7AmjMiro\AppData\Roaming\Python\Python314\site-packages\sklearn\utils\parallel.py:144: UserWarning: `sklearn.utils.parallel.delayed` should be used with `sklearn.utils.parallel.Parallel` to make it possible to propagate the scikit-learn configuration of the current thread to the joblib workers.
  warnings.warn(
C:\Users\Mo7AmjMiro\AppData\Roaming\Python\Python314\site-packages\sklearn\utils\parallel.py:144: UserWarning: `sklearn.utils.parallel.delayed` should be used with `sklearn.utils.parallel.Parallel` to make it possible to propagate the scikit-learn configuration of the current thread to the joblib workers.
  warnings.warn(
C:\Users\Mo7AmjMiro\AppData\Roaming\Python\Python314\site-packages\sklearn\utils\parallel.py:144: UserWarning: `sklearn.utils.parallel.delayed` should be used with `sklearn.utils.parallel.Parallel` to make it possible to propagate the scikit-learn configuration of the current thread to the joblib workers.
  warnings.warn(
C:\Users\Mo7AmjMiro\AppData\Roaming\Python\Python314\site-packages\sklearn\utils\parallel.py:144: UserWarning: `sklearn.utils.parallel.delayed` should be used with `sklearn.utils.parallel.Parallel` to make it possible to propagate the scikit-learn configuration of the current thread to the joblib workers.
  warnings.warn(
C:\Users\Mo7AmjMiro\AppData\Roaming\Python\Python314\site-packages\sklearn\utils\parallel.py:144: UserWarning: `sklearn.utils.parallel.delayed` should be used with `sklearn.utils.parallel.Parallel` to make it possible to propagate the scikit-learn configuration of the current thread to the joblib workers.
  warnings.warn(
C:\Users\Mo7AmjMiro\AppData\Roaming\Python\Python314\site-packages\sklearn\utils\parallel.py:144: UserWarning: `sklearn.utils.parallel.delayed` should be used with `sklearn.utils.parallel.Parallel` to make it possible to propagate the scikit-learn configuration of the current thread to the joblib workers.
  warnings.warn(
C:\Users\Mo7AmjMiro\AppData\Roaming\Python\Python314\site-packages\sklearn\utils\parallel.py:144: UserWarning: `sklearn.utils.parallel.delayed` should be used with `sklearn.utils.parallel.Parallel` to make it possible to propagate the scikit-learn configuration of the current thread to the joblib workers.
  warnings.warn(
C:\Users\Mo7AmjMiro\AppData\Roaming\Python\Python314\site-packages\sklearn\utils\parallel.py:144: UserWarning: `sklearn.utils.parallel.delayed` should be used with `sklearn.utils.parallel.Parallel` to make it possible to propagate the scikit-learn configuration of the current thread to the joblib workers.
  warnings.warn(
C:\Users\Mo7AmjMiro\AppData\Roaming\Python\Python314\site-packages\sklearn\utils\parallel.py:144: UserWarning: `sklearn.utils.parallel.delayed` should be used with `sklearn.utils.parallel.Parallel` to make it possible to propagate the scikit-learn configuration of the current thread to the joblib workers.
  warnings.warn(
C:\Users\Mo7AmjMiro\AppData\Roaming\Python\Python314\site-packages\sklearn\utils\parallel.py:144: UserWarning: `sklearn.utils.parallel.delayed` should be used with `sklearn.utils.parallel.Parallel` to make it possible to propagate the scikit-learn configuration of the current thread to the joblib workers.
  warnings.warn(
C:\Users\Mo7AmjMiro\AppData\Roaming\Python\Python314\site-packages\sklearn\utils\parallel.py:144: UserWarning: `sklearn.utils.parallel.delayed` should be used with `sklearn.utils.parallel.Parallel` to make it possible to propagate the scikit-learn configuration of the current thread to the joblib workers.
  warnings.warn(
C:\Users\Mo7AmjMiro\AppData\Roaming\Python\Python314\site-packages\sklearn\utils\parallel.py:144: UserWarning: `sklearn.utils.parallel.delayed` should be used with `sklearn.utils.parallel.Parallel` to make it possible to propagate the scikit-learn configuration of the current thread to the joblib workers.
  warnings.warn(
C:\Users\Mo7AmjMiro\AppData\Roaming\Python\Python314\site-packages\sklearn\utils\parallel.py:144: UserWarning: `sklearn.utils.parallel.delayed` should be used with `sklearn.utils.parallel.Parallel` to make it possible to propagate the scikit-learn configuration of the current thread to the joblib workers.
  warnings.warn(
C:\Users\Mo7AmjMiro\AppData\Roaming\Python\Python314\site-packages\sklearn\utils\parallel.py:144: UserWarning: `sklearn.utils.parallel.delayed` should be used with `sklearn.utils.parallel.Parallel` to make it possible to propagate the scikit-learn configuration of the current thread to the joblib workers.
  warnings.warn(
C:\Users\Mo7AmjMiro\AppData\Roaming\Python\Python314\site-packages\sklearn\utils\parallel.py:144: UserWarning: `sklearn.utils.parallel.delayed` should be used with `sklearn.utils.parallel.Parallel` to make it possible to propagate the scikit-learn configuration of the current thread to the joblib workers.
  warnings.warn(
C:\Users\Mo7AmjMiro\AppData\Roaming\Python\Python314\site-packages\sklearn\utils\parallel.py:144: UserWarning: `sklearn.utils.parallel.delayed` should be used with `sklearn.utils.parallel.Parallel` to make it possible to propagate the scikit-learn configuration of the current thread to the joblib workers.
  warnings.warn(
C:\Users\Mo7AmjMiro\AppData\Roaming\Python\Python314\site-packages\sklearn\utils\parallel.py:144: UserWarning: `sklearn.utils.parallel.delayed` should be used with `sklearn.utils.parallel.Parallel` to make it possible to propagate the scikit-learn configuration of the current thread to the joblib workers.
  warnings.warn(
C:\Users\Mo7AmjMiro\AppData\Roaming\Python\Python314\site-packages\sklearn\utils\parallel.py:144: UserWarning: `sklearn.utils.parallel.delayed` should be used with `sklearn.utils.parallel.Parallel` to make it possible to propagate the scikit-learn configuration of the current thread to the joblib workers.
  warnings.warn(
C:\Users\Mo7AmjMiro\AppData\Roaming\Python\Python314\site-packages\sklearn\utils\parallel.py:144: UserWarning: `sklearn.utils.parallel.delayed` should be used with `sklearn.utils.parallel.Parallel` to make it possible to propagate the scikit-learn configuration of the current thread to the joblib workers.
  warnings.warn(
C:\Users\Mo7AmjMiro\AppData\Roaming\Python\Python314\site-packages\sklearn\utils\parallel.py:144: UserWarning: `sklearn.utils.parallel.delayed` should be used with `sklearn.utils.parallel.Parallel` to make it possible to propagate the scikit-learn configuration of the current thread to the joblib workers.
  warnings.warn(
C:\Users\Mo7AmjMiro\AppData\Roaming\Python\Python314\site-packages\sklearn\utils\parallel.py:144: UserWarning: `sklearn.utils.parallel.delayed` should be used with `sklearn.utils.parallel.Parallel` to make it possible to propagate the scikit-learn configuration of the current thread to the joblib workers.
  warnings.warn(
C:\Users\Mo7AmjMiro\AppData\Roaming\Python\Python314\site-packages\sklearn\utils\parallel.py:144: UserWarning: `sklearn.utils.parallel.delayed` should be used with `sklearn.utils.parallel.Parallel` to make it possible to propagate the scikit-learn configuration of the current thread to the joblib workers.
  warnings.warn(
C:\Users\Mo7AmjMiro\AppData\Roaming\Python\Python314\site-packages\sklearn\utils\parallel.py:144: UserWarning: `sklearn.utils.parallel.delayed` should be used with `sklearn.utils.parallel.Parallel` to make it possible to propagate the scikit-learn configuration of the current thread to the joblib workers.
  warnings.warn(
C:\Users\Mo7AmjMiro\AppData\Roaming\Python\Python314\site-packages\sklearn\utils\parallel.py:144: UserWarning: `sklearn.utils.parallel.delayed` should be used with `sklearn.utils.parallel.Parallel` to make it possible to propagate the scikit-learn configuration of the current thread to the joblib workers.
  warnings.warn(
C:\Users\Mo7AmjMiro\AppData\Roaming\Python\Python314\site-packages\sklearn\utils\parallel.py:144: UserWarning: `sklearn.utils.parallel.delayed` should be used with `sklearn.utils.parallel.Parallel` to make it possible to propagate the scikit-learn configuration of the current thread to the joblib workers.
  warnings.warn(
C:\Users\Mo7AmjMiro\AppData\Roaming\Python\Python314\site-packages\sklearn\utils\parallel.py:144: UserWarning: `sklearn.utils.parallel.delayed` should be used with `sklearn.utils.parallel.Parallel` to make it possible to propagate the scikit-learn configuration of the current thread to the joblib workers.
  warnings.warn(
C:\Users\Mo7AmjMiro\AppData\Roaming\Python\Python314\site-packages\sklearn\utils\parallel.py:144: UserWarning: `sklearn.utils.parallel.delayed` should be used with `sklearn.utils.parallel.Parallel` to make it possible to propagate the scikit-learn configuration of the current thread to the joblib workers.
  warnings.warn(
C:\Users\Mo7AmjMiro\AppData\Roaming\Python\Python314\site-packages\sklearn\utils\parallel.py:144: UserWarning: `sklearn.utils.parallel.delayed` should be used with `sklearn.utils.parallel.Parallel` to make it possible to propagate the scikit-learn configuration of the current thread to the joblib workers.
  warnings.warn(
C:\Users\Mo7AmjMiro\AppData\Roaming\Python\Python314\site-packages\sklearn\utils\parallel.py:144: UserWarning: `sklearn.utils.parallel.delayed` should be used with `sklearn.utils.parallel.Parallel` to make it possible to propagate the scikit-learn configuration of the current thread to the joblib workers.
  warnings.warn(
C:\Users\Mo7AmjMiro\AppData\Roaming\Python\Python314\site-packages\sklearn\utils\parallel.py:144: UserWarning: `sklearn.utils.parallel.delayed` should be used with `sklearn.utils.parallel.Parallel` to make it possible to propagate the scikit-learn configuration of the current thread to the joblib workers.
  warnings.warn(
C:\Users\Mo7AmjMiro\AppData\Roaming\Python\Python314\site-packages\sklearn\utils\parallel.py:144: UserWarning: `sklearn.utils.parallel.delayed` should be used with `sklearn.utils.parallel.Parallel` to make it possible to propagate the scikit-learn configuration of the current thread to the joblib workers.
  warnings.warn(
C:\Users\Mo7AmjMiro\AppData\Roaming\Python\Python314\site-packages\sklearn\utils\parallel.py:144: UserWarning: `sklearn.utils.parallel.delayed` should be used with `sklearn.utils.parallel.Parallel` to make it possible to propagate the scikit-learn configuration of the current thread to the joblib workers.
  warnings.warn(
C:\Users\Mo7AmjMiro\AppData\Roaming\Python\Python314\site-packages\sklearn\utils\parallel.py:144: UserWarning: `sklearn.utils.parallel.delayed` should be used with `sklearn.utils.parallel.Parallel` to make it possible to propagate the scikit-learn configuration of the current thread to the joblib workers.
  warnings.warn(
C:\Users\Mo7AmjMiro\AppData\Roaming\Python\Python314\site-packages\sklearn\utils\parallel.py:144: UserWarning: `sklearn.utils.parallel.delayed` should be used with `sklearn.utils.parallel.Parallel` to make it possible to propagate the scikit-learn configuration of the current thread to the joblib workers.
  warnings.warn(
C:\Users\Mo7AmjMiro\AppData\Roaming\Python\Python314\site-packages\sklearn\utils\parallel.py:144: UserWarning: `sklearn.utils.parallel.delayed` should be used with `sklearn.utils.parallel.Parallel` to make it possible to propagate the scikit-learn configuration of the current thread to the joblib workers.
  warnings.warn(
C:\Users\Mo7AmjMiro\AppData\Roaming\Python\Python314\site-packages\sklearn\utils\parallel.py:144: UserWarning: `sklearn.utils.parallel.delayed` should be used with `sklearn.utils.parallel.Parallel` to make it possible to propagate the scikit-learn configuration of the current thread to the joblib workers.
  warnings.warn(
C:\Users\Mo7AmjMiro\AppData\Roaming\Python\Python314\site-packages\sklearn\utils\parallel.py:144: UserWarning: `sklearn.utils.parallel.delayed` should be used with `sklearn.utils.parallel.Parallel` to make it possible to propagate the scikit-learn configuration of the current thread to the joblib workers.
  warnings.warn(
C:\Users\Mo7AmjMiro\AppData\Roaming\Python\Python314\site-packages\sklearn\utils\parallel.py:144: UserWarning: `sklearn.utils.parallel.delayed` should be used with `sklearn.utils.parallel.Parallel` to make it possible to propagate the scikit-learn configuration of the current thread to the joblib workers.
  warnings.warn(
C:\Users\Mo7AmjMiro\AppData\Roaming\Python\Python314\site-packages\sklearn\utils\parallel.py:144: UserWarning: `sklearn.utils.parallel.delayed` should be used with `sklearn.utils.parallel.Parallel` to make it possible to propagate the scikit-learn configuration of the current thread to the joblib workers.
  warnings.warn(
C:\Users\Mo7AmjMiro\AppData\Roaming\Python\Python314\site-packages\sklearn\utils\parallel.py:144: UserWarning: `sklearn.utils.parallel.delayed` should be used with `sklearn.utils.parallel.Parallel` to make it possible to propagate the scikit-learn configuration of the current thread to the joblib workers.
  warnings.warn(
C:\Users\Mo7AmjMiro\AppData\Roaming\Python\Python314\site-packages\sklearn\utils\parallel.py:144: UserWarning: `sklearn.utils.parallel.delayed` should be used with `sklearn.utils.parallel.Parallel` to make it possible to propagate the scikit-learn configuration of the current thread to the joblib workers.
  warnings.warn(
C:\Users\Mo7AmjMiro\AppData\Roaming\Python\Python314\site-packages\sklearn\utils\parallel.py:144: UserWarning: `sklearn.utils.parallel.delayed` should be used with `sklearn.utils.parallel.Parallel` to make it possible to propagate the scikit-learn configuration of the current thread to the joblib workers.
  warnings.warn(
C:\Users\Mo7AmjMiro\AppData\Roaming\Python\Python314\site-packages\sklearn\utils\parallel.py:144: UserWarning: `sklearn.utils.parallel.delayed` should be used with `sklearn.utils.parallel.Parallel` to make it possible to propagate the scikit-learn configuration of the current thread to the joblib workers.
  warnings.warn(
C:\Users\Mo7AmjMiro\AppData\Roaming\Python\Python314\site-packages\sklearn\utils\parallel.py:144: UserWarning: `sklearn.utils.parallel.delayed` should be used with `sklearn.utils.parallel.Parallel` to make it possible to propagate the scikit-learn configuration of the current thread to the joblib workers.
  warnings.warn(
C:\Users\Mo7AmjMiro\AppData\Roaming\Python\Python314\site-packages\sklearn\utils\parallel.py:144: UserWarning: `sklearn.utils.parallel.delayed` should be used with `sklearn.utils.parallel.Parallel` to make it possible to propagate the scikit-learn configuration of the current thread to the joblib workers.
  warnings.warn(
C:\Users\Mo7AmjMiro\AppData\Roaming\Python\Python314\site-packages\sklearn\utils\parallel.py:144: UserWarning: `sklearn.utils.parallel.delayed` should be used with `sklearn.utils.parallel.Parallel` to make it possible to propagate the scikit-learn configuration of the current thread to the joblib workers.
  warnings.warn(
C:\Users\Mo7AmjMiro\AppData\Roaming\Python\Python314\site-packages\sklearn\utils\parallel.py:144: UserWarning: `sklearn.utils.parallel.delayed` should be used with `sklearn.utils.parallel.Parallel` to make it possible to propagate the scikit-learn configuration of the current thread to the joblib workers.
  warnings.warn(
C:\Users\Mo7AmjMiro\AppData\Roaming\Python\Python314\site-packages\sklearn\utils\parallel.py:144: UserWarning: `sklearn.utils.parallel.delayed` should be used with `sklearn.utils.parallel.Parallel` to make it possible to propagate the scikit-learn configuration of the current thread to the joblib workers.
  warnings.warn(
C:\Users\Mo7AmjMiro\AppData\Roaming\Python\Python314\site-packages\sklearn\utils\parallel.py:144: UserWarning: `sklearn.utils.parallel.delayed` should be used with `sklearn.utils.parallel.Parallel` to make it possible to propagate the scikit-learn configuration of the current thread to the joblib workers.
  warnings.warn(
C:\Users\Mo7AmjMiro\AppData\Roaming\Python\Python314\site-packages\sklearn\utils\parallel.py:144: UserWarning: `sklearn.utils.parallel.delayed` should be used with `sklearn.utils.parallel.Parallel` to make it possible to propagate the scikit-learn configuration of the current thread to the joblib workers.
  warnings.warn(
C:\Users\Mo7AmjMiro\AppData\Roaming\Python\Python314\site-packages\sklearn\utils\parallel.py:144: UserWarning: `sklearn.utils.parallel.delayed` should be used with `sklearn.utils.parallel.Parallel` to make it possible to propagate the scikit-learn configuration of the current thread to the joblib workers.
  warnings.warn(
C:\Users\Mo7AmjMiro\AppData\Roaming\Python\Python314\site-packages\sklearn\utils\parallel.py:144: UserWarning: `sklearn.utils.parallel.delayed` should be used with `sklearn.utils.parallel.Parallel` to make it possible to propagate the scikit-learn configuration of the current thread to the joblib workers.
  warnings.warn(
[20:18:41] E6 office r=0.5 n=300 leaf=20 depth=16 size=2.7MB test=0.3306
[20:18:42] E6 office r=0.5 n=100 leaf=1 depth=None size=1.3MB test=0.3352
[20:18:42] E6 office r=0.5 n=100 leaf=1 depth=16 size=1.3MB test=0.3352
[20:18:42] E6 office r=0.5 n=100 leaf=5 depth=None size=1.1MB test=0.3558
[20:18:42] E6 office r=0.5 n=100 leaf=5 depth=16 size=1.1MB test=0.3558
[20:18:43] E6 office r=0.5 n=100 leaf=20 depth=None size=0.9MB test=0.3319
[20:18:43] E6 office r=0.5 n=100 leaf=20 depth=16 size=0.9MB test=0.3319
[20:18:43] E6 office r=0.5 n=50 leaf=1 depth=None size=0.7MB test=0.3444
[20:18:43] E6 office r=0.5 n=50 leaf=1 depth=16 size=0.7MB test=0.3444
[20:18:44] E6 office r=0.5 n=50 leaf=5 depth=None size=0.6MB test=0.3582
[20:18:44] E6 office r=0.5 n=50 leaf=5 depth=16 size=0.6MB test=0.3582
[20:18:44] E6 office r=0.5 n=50 leaf=20 depth=None size=0.5MB test=0.3367
[20:18:44] E6 office r=0.5 n=50 leaf=20 depth=16 size=0.5MB test=0.3367
[20:18:46] E6 apartment r=1.0 n=300 leaf=1 depth=None size=13.3MB test=0.5968
[20:18:48] E6 apartment r=1.0 n=300 leaf=1 depth=16 size=13.3MB test=0.5967
[20:18:50] E6 apartment r=1.0 n=300 leaf=5 depth=None size=10.5MB test=0.6158
[20:18:52] E6 apartment r=1.0 n=300 leaf=5 depth=16 size=10.5MB test=0.6158
[20:18:54] E6 apartment r=1.0 n=300 leaf=20 depth=None size=8.0MB test=0.5958
[20:18:55] E6 apartment r=1.0 n=300 leaf=20 depth=16 size=8.0MB test=0.5958
[20:18:56] E6 apartment r=1.0 n=100 leaf=1 depth=None size=4.4MB test=0.5993
[20:18:57] E6 apartment r=1.0 n=100 leaf=1 depth=16 size=4.4MB test=0.5994
[20:18:57] E6 apartment r=1.0 n=100 leaf=5 depth=None size=3.5MB test=0.6162
[20:18:58] E6 apartment r=1.0 n=100 leaf=5 depth=16 size=3.5MB test=0.6162
[20:18:59] E6 apartment r=1.0 n=100 leaf=20 depth=None size=2.7MB test=0.5994
[20:18:59] E6 apartment r=1.0 n=100 leaf=20 depth=16 size=2.7MB test=0.5994
[20:19:00] E6 apartment r=1.0 n=50 leaf=1 depth=None size=2.2MB test=0.5991
[20:19:00] E6 apartment r=1.0 n=50 leaf=1 depth=16 size=2.2MB test=0.5986
[20:19:01] E6 apartment r=1.0 n=50 leaf=5 depth=None size=1.8MB test=0.6102
[20:19:01] E6 apartment r=1.0 n=50 leaf=5 depth=16 size=1.8MB test=0.6102
[20:19:01] E6 apartment r=1.0 n=50 leaf=20 depth=None size=1.3MB test=0.5971
[20:19:02] E6 apartment r=1.0 n=50 leaf=20 depth=16 size=1.3MB test=0.5971
[20:19:03] E6 apartment r=0.7 n=300 leaf=1 depth=None size=15.0MB test=0.5608
[20:19:05] E6 apartment r=0.7 n=300 leaf=1 depth=16 size=14.9MB test=0.5598
[20:19:06] E6 apartment r=0.7 n=300 leaf=5 depth=None size=11.7MB test=0.5972
[20:19:07] E6 apartment r=0.7 n=300 leaf=5 depth=16 size=11.7MB test=0.5981
[20:19:09] E6 apartment r=0.7 n=300 leaf=20 depth=None size=8.5MB test=0.6123
[20:19:10] E6 apartment r=0.7 n=300 leaf=20 depth=16 size=8.5MB test=0.6123
[20:19:11] E6 apartment r=0.7 n=100 leaf=1 depth=None size=5.0MB test=0.5549
[20:19:11] E6 apartment r=0.7 n=100 leaf=1 depth=16 size=5.0MB test=0.5552
[20:19:12] E6 apartment r=0.7 n=100 leaf=5 depth=None size=3.9MB test=0.5903
[20:19:12] E6 apartment r=0.7 n=100 leaf=5 depth=16 size=3.9MB test=0.5917
[20:19:13] E6 apartment r=0.7 n=100 leaf=20 depth=None size=2.8MB test=0.6152
[20:19:13] E6 apartment r=0.7 n=100 leaf=20 depth=16 size=2.8MB test=0.6152
[20:19:14] E6 apartment r=0.7 n=50 leaf=1 depth=None size=2.5MB test=0.5664
[20:19:14] E6 apartment r=0.7 n=50 leaf=1 depth=16 size=2.5MB test=0.5653
[20:19:14] E6 apartment r=0.7 n=50 leaf=5 depth=None size=1.9MB test=0.5948
[20:19:15] E6 apartment r=0.7 n=50 leaf=5 depth=16 size=1.9MB test=0.5977
[20:19:15] E6 apartment r=0.7 n=50 leaf=20 depth=None size=1.4MB test=0.6171
[20:19:15] E6 apartment r=0.7 n=50 leaf=20 depth=16 size=1.4MB test=0.6171
[20:19:17] E6 apartment r=0.5 n=300 leaf=1 depth=None size=16.0MB test=0.5717
[20:19:18] E6 apartment r=0.5 n=300 leaf=1 depth=16 size=16.0MB test=0.5736
[20:19:19] E6 apartment r=0.5 n=300 leaf=5 depth=None size=12.3MB test=0.6040
[20:19:20] E6 apartment r=0.5 n=300 leaf=5 depth=16 size=12.3MB test=0.6039
[20:19:22] E6 apartment r=0.5 n=300 leaf=20 depth=None size=8.6MB test=0.6387
[20:19:23] E6 apartment r=0.5 n=300 leaf=20 depth=16 size=8.6MB test=0.6387
[20:19:23] E6 apartment r=0.5 n=100 leaf=1 depth=None size=5.3MB test=0.5743
[20:19:24] E6 apartment r=0.5 n=100 leaf=1 depth=16 size=5.3MB test=0.5738
[20:19:24] E6 apartment r=0.5 n=100 leaf=5 depth=None size=4.1MB test=0.6063
[20:19:24] E6 apartment r=0.5 n=100 leaf=5 depth=16 size=4.1MB test=0.6063
[20:19:25] E6 apartment r=0.5 n=100 leaf=20 depth=None size=2.9MB test=0.6390
[20:19:25] E6 apartment r=0.5 n=100 leaf=20 depth=16 size=2.9MB test=0.6390
[20:19:25] E6 apartment r=0.5 n=50 leaf=1 depth=None size=2.7MB test=0.5785
[20:19:26] E6 apartment r=0.5 n=50 leaf=1 depth=16 size=2.7MB test=0.5924
[20:19:26] E6 apartment r=0.5 n=50 leaf=5 depth=None size=2.1MB test=0.6118
[20:19:26] E6 apartment r=0.5 n=50 leaf=5 depth=16 size=2.1MB test=0.6117
[20:19:27] E6 apartment r=0.5 n=50 leaf=20 depth=None size=1.4MB test=0.6479
[20:19:27] E6 apartment r=0.5 n=50 leaf=20 depth=16 size=1.4MB test=0.6479
[20:19:38] E6 building r=1.0 n=300 leaf=1 depth=None size=58.8MB test=0.6047
[20:19:46] E6 building r=1.0 n=300 leaf=1 depth=16 size=58.8MB test=0.6045
[20:19:55] E6 building r=1.0 n=300 leaf=5 depth=None size=46.4MB test=0.6551
[20:20:03] E6 building r=1.0 n=300 leaf=5 depth=16 size=46.4MB test=0.6550
[20:20:11] E6 building r=1.0 n=300 leaf=20 depth=None size=40.6MB test=0.6993
[20:20:20] E6 building r=1.0 n=300 leaf=20 depth=16 size=40.6MB test=0.6993
[20:20:23] E6 building r=1.0 n=100 leaf=1 depth=None size=19.6MB test=0.6062
[20:20:27] E6 building r=1.0 n=100 leaf=1 depth=16 size=19.6MB test=0.6052
[20:20:31] E6 building r=1.0 n=100 leaf=5 depth=None size=15.5MB test=0.6721
[20:20:35] E6 building r=1.0 n=100 leaf=5 depth=16 size=15.5MB test=0.6723
[20:20:39] E6 building r=1.0 n=100 leaf=20 depth=None size=13.6MB test=0.7152
[20:20:43] E6 building r=1.0 n=100 leaf=20 depth=16 size=13.6MB test=0.7152
[20:20:47] E6 building r=1.0 n=50 leaf=1 depth=None size=9.8MB test=0.6053
[20:20:51] E6 building r=1.0 n=50 leaf=1 depth=16 size=9.8MB test=0.6028
[20:20:55] E6 building r=1.0 n=50 leaf=5 depth=None size=7.8MB test=0.6789
[20:20:58] E6 building r=1.0 n=50 leaf=5 depth=16 size=7.8MB test=0.6790
[20:21:02] E6 building r=1.0 n=50 leaf=20 depth=None size=6.8MB test=0.7094
[20:21:05] E6 building r=1.0 n=50 leaf=20 depth=16 size=6.8MB test=0.7094
[20:21:19] E6 building r=0.7 n=300 leaf=1 depth=None size=64.3MB test=0.5258
[20:21:33] E6 building r=0.7 n=300 leaf=1 depth=16 size=64.3MB test=0.5213
[20:21:47] E6 building r=0.7 n=300 leaf=5 depth=None size=50.7MB test=0.5357
[20:22:02] E6 building r=0.7 n=300 leaf=5 depth=16 size=50.7MB test=0.5354
[20:22:22] E6 building r=0.7 n=300 leaf=20 depth=None size=43.0MB test=0.5822
[20:22:36] E6 building r=0.7 n=300 leaf=20 depth=16 size=43.0MB test=0.5822
[20:22:39] E6 building r=0.7 n=100 leaf=1 depth=None size=21.4MB test=0.5257
[20:22:41] E6 building r=0.7 n=100 leaf=1 depth=16 size=21.5MB test=0.5244
[20:22:44] E6 building r=0.7 n=100 leaf=5 depth=None size=16.9MB test=0.5459
[20:22:46] E6 building r=0.7 n=100 leaf=5 depth=16 size=16.9MB test=0.5493
[20:22:48] E6 building r=0.7 n=100 leaf=20 depth=None size=14.4MB test=0.5969
[20:22:50] E6 building r=0.7 n=100 leaf=20 depth=16 size=14.4MB test=0.5972
[20:22:51] E6 building r=0.7 n=50 leaf=1 depth=None size=10.7MB test=0.5359
[20:22:52] E6 building r=0.7 n=50 leaf=1 depth=16 size=10.7MB test=0.5313
[20:22:53] E6 building r=0.7 n=50 leaf=5 depth=None size=8.5MB test=0.5483
[20:22:55] E6 building r=0.7 n=50 leaf=5 depth=16 size=8.5MB test=0.5489
[20:22:56] E6 building r=0.7 n=50 leaf=20 depth=None size=7.2MB test=0.6065
[20:22:57] E6 building r=0.7 n=50 leaf=20 depth=16 size=7.2MB test=0.6069
[20:23:01] E6 building r=0.5 n=300 leaf=1 depth=None size=70.2MB test=0.5051
[20:23:06] E6 building r=0.5 n=300 leaf=1 depth=16 size=70.0MB test=0.4998
[20:23:11] E6 building r=0.5 n=300 leaf=5 depth=None size=55.0MB test=0.5237
[20:23:15] E6 building r=0.5 n=300 leaf=5 depth=16 size=54.9MB test=0.5257
[20:23:19] E6 building r=0.5 n=300 leaf=20 depth=None size=45.1MB test=0.5701
[20:23:25] E6 building r=0.5 n=300 leaf=20 depth=16 size=45.1MB test=0.5700
[20:23:27] E6 building r=0.5 n=100 leaf=1 depth=None size=23.5MB test=0.5159
[20:23:30] E6 building r=0.5 n=100 leaf=1 depth=16 size=23.3MB test=0.5096
[20:23:34] E6 building r=0.5 n=100 leaf=5 depth=None size=18.3MB test=0.5252
[20:23:36] E6 building r=0.5 n=100 leaf=5 depth=16 size=18.3MB test=0.5267
[20:23:38] E6 building r=0.5 n=100 leaf=20 depth=None size=15.0MB test=0.5749
[20:23:39] E6 building r=0.5 n=100 leaf=20 depth=16 size=15.0MB test=0.5782
[20:23:41] E6 building r=0.5 n=50 leaf=1 depth=None size=11.7MB test=0.5210
[20:23:42] E6 building r=0.5 n=50 leaf=1 depth=16 size=11.7MB test=0.5252
[20:23:43] E6 building r=0.5 n=50 leaf=5 depth=None size=9.2MB test=0.5352
[20:23:44] E6 building r=0.5 n=50 leaf=5 depth=16 size=9.2MB test=0.5360
[20:23:45] E6 building r=0.5 n=50 leaf=20 depth=None size=7.5MB test=0.5864
[20:23:46] E6 building r=0.5 n=50 leaf=20 depth=16 size=7.5MB test=0.5875
[20:23:46] done
EXIT 0
